[0m22:40:41.467959 [debug] [MainThread]: Sending event: {'category': 'dbt', 'action': 'invocation', 'label': 'start', 'context': [<snowplow_tracker.self_describing_json.SelfDescribingJson object at 0x10a4c2090>, <snowplow_tracker.self_describing_json.SelfDescribingJson object at 0x10a884450>, <snowplow_tracker.self_describing_json.SelfDescribingJson object at 0x10a884b90>]}


============================== 22:40:41.474630 | 89cacbb2-7dfc-470d-9bfd-bc3e66e5d3a0 ==============================
[0m22:40:41.474630 [info ] [MainThread]: Running with dbt=1.11.2
[0m22:40:41.475355 [debug] [MainThread]: running dbt with arguments {'debug': 'False', 'static_parser': 'True', 'log_cache_events': 'False', 'introspect': 'True', 'version_check': 'True', 'log_path': '/Users/davidreynolds/projects/online_teletherapy_signups/logs', 'warn_error_options': 'WarnErrorOptionsV2(error=[], warn=[], silence=[])', 'use_experimental_parser': 'False', 'invocation_command': 'dbt compile --profiles-dir /Users/davidreynolds/.dbt', 'warn_error': 'None', 'empty': 'False', 'write_json': 'True', 'no_print': 'None', 'quiet': 'False', 'use_colors': 'True', 'partial_parse': 'True', 'cache_selected_only': 'False', 'profiles_dir': '/Users/davidreynolds/.dbt', 'target_path': 'None', 'indirect_selection': 'eager', 'printer_width': '80', 'log_format': 'default', 'fail_fast': 'False', 'send_anonymous_usage_stats': 'True'}
[0m22:40:41.483672 [error] [MainThread]: Encountered an error:
Parsing Error
  Env var required but not provided: 'DBT_BIGQUERY_KEYFILE'
[0m22:40:41.501756 [debug] [MainThread]: Resource report: {"command_name": "compile", "command_success": false, "command_wall_clock_time": 0.1180848, "process_in_blocks": "0", "process_kernel_time": 0.347677, "process_mem_max_rss": "99667968", "process_out_blocks": "0", "process_user_time": 1.497048}
[0m22:40:41.502478 [debug] [MainThread]: Command `dbt compile` failed at 22:40:41.502327 after 0.12 seconds
[0m22:40:41.502975 [debug] [MainThread]: Sending event: {'category': 'dbt', 'action': 'invocation', 'label': 'end', 'context': [<snowplow_tracker.self_describing_json.SelfDescribingJson object at 0x105f63250>, <snowplow_tracker.self_describing_json.SelfDescribingJson object at 0x10a884910>, <snowplow_tracker.self_describing_json.SelfDescribingJson object at 0x10a5bc090>]}
[0m22:40:41.503490 [debug] [MainThread]: Flushing usage events
[0m22:40:41.771405 [debug] [MainThread]: An error was encountered while trying to flush usage events
[0m23:00:42.226357 [debug] [MainThread]: Sending event: {'category': 'dbt', 'action': 'invocation', 'label': 'start', 'context': [<snowplow_tracker.self_describing_json.SelfDescribingJson object at 0x1071b1ed0>, <snowplow_tracker.self_describing_json.SelfDescribingJson object at 0x1064e0510>, <snowplow_tracker.self_describing_json.SelfDescribingJson object at 0x107213fd0>]}


============================== 23:00:42.231827 | 467ffb09-f33d-4b2f-87dd-4f2139048160 ==============================
[0m23:00:42.231827 [info ] [MainThread]: Running with dbt=1.11.2
[0m23:00:42.232409 [debug] [MainThread]: running dbt with arguments {'quiet': 'False', 'printer_width': '80', 'warn_error_options': 'WarnErrorOptionsV2(error=[], warn=[], silence=[])', 'log_path': '/Users/davidreynolds/projects/online_teletherapy_signups/logs', 'use_experimental_parser': 'False', 'no_print': 'None', 'use_colors': 'True', 'indirect_selection': 'eager', 'partial_parse': 'True', 'cache_selected_only': 'False', 'fail_fast': 'False', 'log_format': 'default', 'introspect': 'True', 'debug': 'False', 'write_json': 'True', 'empty': 'None', 'target_path': 'None', 'static_parser': 'True', 'invocation_command': 'dbt debug', 'version_check': 'True', 'log_cache_events': 'False', 'warn_error': 'None', 'profiles_dir': '/Users/davidreynolds/.dbt', 'send_anonymous_usage_stats': 'True'}
[0m23:00:42.254373 [info ] [MainThread]: dbt version: 1.11.2
[0m23:00:42.254796 [info ] [MainThread]: python version: 3.11.7
[0m23:00:42.255131 [info ] [MainThread]: python path: /Users/davidreynolds/dbt/venv/bin/python3.11
[0m23:00:42.255439 [info ] [MainThread]: os info: macOS-14.7.4-x86_64-i386-64bit
[0m23:00:50.816318 [info ] [MainThread]: Using profiles dir at /Users/davidreynolds/.dbt
[0m23:00:50.816774 [info ] [MainThread]: Using profiles.yml file at /Users/davidreynolds/.dbt/profiles.yml
[0m23:00:50.817119 [info ] [MainThread]: Using dbt_project.yml file at /Users/davidreynolds/projects/online_teletherapy_signups/dbt_project.yml
[0m23:00:50.817446 [info ] [MainThread]: adapter type: bigquery
[0m23:00:50.817774 [info ] [MainThread]: adapter version: 1.11.0
[0m23:00:50.919114 [info ] [MainThread]: Configuration:
[0m23:00:50.919513 [info ] [MainThread]:   profiles.yml file [[32mOK found and valid[0m]
[0m23:00:50.919833 [info ] [MainThread]:   dbt_project.yml file [[32mOK found and valid[0m]
[0m23:00:50.920143 [info ] [MainThread]: Required dependencies:
[0m23:00:50.920505 [debug] [MainThread]: Executing "git --help"
[0m23:00:50.961339 [debug] [MainThread]: STDOUT: "b"usage: git [-v | --version] [-h | --help] [-C <path>] [-c <name>=<value>]\n           [--exec-path[=<path>]] [--html-path] [--man-path] [--info-path]\n           [-p | --paginate | -P | --no-pager] [--no-replace-objects] [--bare]\n           [--git-dir=<path>] [--work-tree=<path>] [--namespace=<name>]\n           [--config-env=<name>=<envvar>] <command> [<args>]\n\nThese are common Git commands used in various situations:\n\nstart a working area (see also: git help tutorial)\n   clone     Clone a repository into a new directory\n   init      Create an empty Git repository or reinitialize an existing one\n\nwork on the current change (see also: git help everyday)\n   add       Add file contents to the index\n   mv        Move or rename a file, a directory, or a symlink\n   restore   Restore working tree files\n   rm        Remove files from the working tree and from the index\n\nexamine the history and state (see also: git help revisions)\n   bisect    Use binary search to find the commit that introduced a bug\n   diff      Show changes between commits, commit and working tree, etc\n   grep      Print lines matching a pattern\n   log       Show commit logs\n   show      Show various types of objects\n   status    Show the working tree status\n\ngrow, mark and tweak your common history\n   branch    List, create, or delete branches\n   commit    Record changes to the repository\n   merge     Join two or more development histories together\n   rebase    Reapply commits on top of another base tip\n   reset     Reset current HEAD to the specified state\n   switch    Switch branches\n   tag       Create, list, delete or verify a tag object signed with GPG\n\ncollaborate (see also: git help workflows)\n   fetch     Download objects and refs from another repository\n   pull      Fetch from and integrate with another repository or a local branch\n   push      Update remote refs along with associated objects\n\n'git help -a' and 'git help -g' list available subcommands and some\nconcept guides. See 'git help <command>' or 'git help <concept>'\nto read about a specific subcommand or concept.\nSee 'git help git' for an overview of the system.\n""
[0m23:00:50.962654 [debug] [MainThread]: STDERR: "b''"
[0m23:00:50.963169 [info ] [MainThread]:  - git [[32mOK found[0m]

[0m23:00:50.963616 [info ] [MainThread]: Connection:
[0m23:00:50.964127 [info ] [MainThread]:   method: service-account
[0m23:00:50.964515 [info ] [MainThread]:   database: mind-diagnostics-414622
[0m23:00:50.964897 [info ] [MainThread]:   execution_project: mind-diagnostics-414622
[0m23:00:50.965262 [info ] [MainThread]:   schema: dbt_dreynolds
[0m23:00:50.965623 [info ] [MainThread]:   location: US
[0m23:00:50.965983 [info ] [MainThread]:   priority: interactive
[0m23:00:50.966348 [info ] [MainThread]:   maximum_bytes_billed: None
[0m23:00:50.966716 [info ] [MainThread]:   impersonate_service_account: None
[0m23:00:50.967077 [info ] [MainThread]:   job_retry_deadline_seconds: None
[0m23:00:50.967453 [info ] [MainThread]:   job_retries: 1
[0m23:00:50.967798 [info ] [MainThread]:   job_creation_timeout_seconds: None
[0m23:00:50.968154 [info ] [MainThread]:   job_execution_timeout_seconds: 300
[0m23:00:50.968492 [info ] [MainThread]:   timeout_seconds: 300
[0m23:00:50.968828 [info ] [MainThread]:   client_id: None
[0m23:00:50.969174 [info ] [MainThread]:   token_uri: None
[0m23:00:50.969495 [info ] [MainThread]:   compute_region: None
[0m23:00:50.969818 [info ] [MainThread]:   dataproc_cluster_name: None
[0m23:00:50.970137 [info ] [MainThread]:   gcs_bucket: None
[0m23:00:50.970460 [info ] [MainThread]:   dataproc_batch: None
[0m23:00:50.971095 [info ] [MainThread]: Registered adapter: bigquery=1.11.0
[0m23:00:51.262710 [debug] [MainThread]: Acquiring new bigquery connection 'debug'
[0m23:00:51.263315 [debug] [MainThread]: On debug: select 1 as id
[0m23:00:51.263670 [debug] [MainThread]: Opening a new connection, currently in state init
[0m23:00:52.015614 [debug] [MainThread]: BigQuery adapter: https://console.cloud.google.com/bigquery?project=mind-diagnostics-414622&j=bq:US:a7eea154-3b5c-4297-b72e-1c39f18e096d&page=queryresults
[0m23:00:52.188149 [debug] [MainThread]: SQL status: OK in 0.172 seconds
[0m23:00:52.381708 [info ] [MainThread]:   Connection test: [[32mOK connection ok[0m]

[0m23:00:52.382199 [info ] [MainThread]: [32mAll checks passed![0m
[0m23:00:52.385194 [debug] [MainThread]: Resource report: {"command_name": "debug", "command_success": true, "command_wall_clock_time": 10.235527, "process_in_blocks": "0", "process_kernel_time": 2.645215, "process_mem_max_rss": "365146112", "process_out_blocks": "0", "process_user_time": 6.988445}
[0m23:00:52.385694 [debug] [MainThread]: Command `dbt debug` succeeded at 23:00:52.385580 after 10.24 seconds
[0m23:00:52.386043 [debug] [MainThread]: Connection 'debug' was properly closed.
[0m23:00:52.386422 [debug] [MainThread]: Sending event: {'category': 'dbt', 'action': 'invocation', 'label': 'end', 'context': [<snowplow_tracker.self_describing_json.SelfDescribingJson object at 0x107238dd0>, <snowplow_tracker.self_describing_json.SelfDescribingJson object at 0x1028cb090>, <snowplow_tracker.self_describing_json.SelfDescribingJson object at 0x117980e50>]}
[0m23:00:52.386837 [debug] [MainThread]: Flushing usage events
[0m23:00:52.641384 [debug] [MainThread]: An error was encountered while trying to flush usage events
[0m23:02:17.800463 [debug] [MainThread]: Sending event: {'category': 'dbt', 'action': 'invocation', 'label': 'start', 'context': [<snowplow_tracker.self_describing_json.SelfDescribingJson object at 0x10eeb2c50>, <snowplow_tracker.self_describing_json.SelfDescribingJson object at 0x10ef28d10>, <snowplow_tracker.self_describing_json.SelfDescribingJson object at 0x10ef29450>]}


============================== 23:02:17.805208 | eae224e4-eb77-4023-ab30-1c4ba4dc402d ==============================
[0m23:02:17.805208 [info ] [MainThread]: Running with dbt=1.11.2
[0m23:02:17.805880 [debug] [MainThread]: running dbt with arguments {'cache_selected_only': 'False', 'target_path': 'None', 'empty': 'False', 'introspect': 'True', 'static_parser': 'True', 'send_anonymous_usage_stats': 'True', 'warn_error_options': 'WarnErrorOptionsV2(error=[], warn=[], silence=[])', 'debug': 'False', 'printer_width': '80', 'warn_error': 'None', 'invocation_command': 'dbt compile', 'indirect_selection': 'eager', 'partial_parse': 'True', 'log_format': 'default', 'version_check': 'True', 'use_experimental_parser': 'False', 'use_colors': 'True', 'quiet': 'False', 'profiles_dir': '/Users/davidreynolds/.dbt', 'log_cache_events': 'False', 'fail_fast': 'False', 'log_path': '/Users/davidreynolds/projects/online_teletherapy_signups/logs', 'write_json': 'True', 'no_print': 'None'}
[0m23:02:24.970363 [debug] [MainThread]: Sending event: {'category': 'dbt', 'action': 'project_id', 'label': 'eae224e4-eb77-4023-ab30-1c4ba4dc402d', 'context': [<snowplow_tracker.self_describing_json.SelfDescribingJson object at 0x11f626a10>]}
[0m23:02:25.038322 [debug] [MainThread]: Sending event: {'category': 'dbt', 'action': 'adapter_info', 'label': 'eae224e4-eb77-4023-ab30-1c4ba4dc402d', 'context': [<snowplow_tracker.self_describing_json.SelfDescribingJson object at 0x11f48dd50>]}
[0m23:02:25.038861 [info ] [MainThread]: Registered adapter: bigquery=1.11.0
[0m23:02:25.300080 [error] [MainThread]: Encountered an error:
Compilation Error
  dbt found 1 package(s) specified in packages.yml, but only 0 package(s) installed in dbt_packages. Run "dbt deps" to install package dependencies.
[0m23:02:25.302077 [debug] [MainThread]: Resource report: {"command_name": "compile", "command_success": false, "command_wall_clock_time": 7.565698, "process_in_blocks": "0", "process_kernel_time": 2.568988, "process_mem_max_rss": "358522880", "process_out_blocks": "0", "process_user_time": 6.374914}
[0m23:02:25.302990 [debug] [MainThread]: Command `dbt compile` failed at 23:02:25.302869 after 7.57 seconds
[0m23:02:25.303458 [debug] [MainThread]: Sending event: {'category': 'dbt', 'action': 'invocation', 'label': 'end', 'context': [<snowplow_tracker.self_describing_json.SelfDescribingJson object at 0x10eeb3490>, <snowplow_tracker.self_describing_json.SelfDescribingJson object at 0x11f6ca1d0>, <snowplow_tracker.self_describing_json.SelfDescribingJson object at 0x10a62e350>]}
[0m23:02:25.303897 [debug] [MainThread]: Flushing usage events
[0m23:02:25.502857 [debug] [MainThread]: An error was encountered while trying to flush usage events
[0m23:02:42.944536 [debug] [MainThread]: Sending event: {'category': 'dbt', 'action': 'invocation', 'label': 'start', 'context': [<snowplow_tracker.self_describing_json.SelfDescribingJson object at 0x112538b90>, <snowplow_tracker.self_describing_json.SelfDescribingJson object at 0x11259bfd0>, <snowplow_tracker.self_describing_json.SelfDescribingJson object at 0x1125a4310>]}


============================== 23:02:42.949098 | 7ce8235c-04f5-4726-bb0f-01f71adfdc6a ==============================
[0m23:02:42.949098 [info ] [MainThread]: Running with dbt=1.11.2
[0m23:02:42.949768 [debug] [MainThread]: running dbt with arguments {'profiles_dir': '/Users/davidreynolds/.dbt', 'warn_error_options': 'WarnErrorOptionsV2(error=[], warn=[], silence=[])', 'version_check': 'True', 'no_print': 'None', 'log_cache_events': 'False', 'write_json': 'True', 'quiet': 'False', 'indirect_selection': 'eager', 'static_parser': 'True', 'invocation_command': 'dbt deps', 'printer_width': '80', 'fail_fast': 'False', 'introspect': 'True', 'cache_selected_only': 'False', 'use_experimental_parser': 'False', 'target_path': 'None', 'partial_parse': 'True', 'use_colors': 'True', 'log_format': 'default', 'log_path': '/Users/davidreynolds/projects/online_teletherapy_signups/logs', 'empty': 'None', 'debug': 'False', 'send_anonymous_usage_stats': 'True', 'warn_error': 'None'}
[0m23:02:43.075659 [debug] [MainThread]: Sending event: {'category': 'dbt', 'action': 'project_id', 'label': '7ce8235c-04f5-4726-bb0f-01f71adfdc6a', 'context': [<snowplow_tracker.self_describing_json.SelfDescribingJson object at 0x11252d1d0>]}
[0m23:02:43.098887 [debug] [MainThread]: Set downloads directory='/var/folders/z5/w8xlnwh9025196yqn8xtxf5h0000gn/T/dbt-downloads-wh5ejlpw'
[0m23:02:43.099337 [debug] [MainThread]: Making package index registry request: GET https://hub.getdbt.com/api/v1/index.json
[0m23:02:43.215285 [debug] [MainThread]: Response from registry index: GET https://hub.getdbt.com/api/v1/index.json 200
[0m23:02:43.216760 [debug] [MainThread]: Making package registry request: GET https://hub.getdbt.com/api/v1/dbt-labs/audit_helper.json
[0m23:02:43.270425 [debug] [MainThread]: Response from registry: GET https://hub.getdbt.com/api/v1/dbt-labs/audit_helper.json 200
[0m23:02:43.273164 [debug] [MainThread]: Making package registry request: GET https://hub.getdbt.com/api/v1/dbt-labs/dbt_utils.json
[0m23:02:43.329114 [debug] [MainThread]: Response from registry: GET https://hub.getdbt.com/api/v1/dbt-labs/dbt_utils.json 200
[0m23:02:43.333683 [info ] [MainThread]: Installing dbt-labs/audit_helper
[0m23:02:43.485079 [info ] [MainThread]: Installed from version 0.11.0
[0m23:02:43.485516 [info ] [MainThread]: Updated version available: 0.12.2
[0m23:02:43.485933 [debug] [MainThread]: Sending event: {'category': 'dbt', 'action': 'package', 'label': '7ce8235c-04f5-4726-bb0f-01f71adfdc6a', 'property_': 'install', 'context': [<snowplow_tracker.self_describing_json.SelfDescribingJson object at 0x112658110>, <snowplow_tracker.self_describing_json.SelfDescribingJson object at 0x11267c7d0>]}
[0m23:02:43.486382 [info ] [MainThread]: Installing dbt-labs/dbt_utils
[0m23:02:43.734472 [info ] [MainThread]: Installed from version 1.1.1
[0m23:02:43.734920 [info ] [MainThread]: Updated version available: 1.3.3
[0m23:02:43.735335 [debug] [MainThread]: Sending event: {'category': 'dbt', 'action': 'package', 'label': '7ce8235c-04f5-4726-bb0f-01f71adfdc6a', 'property_': 'install', 'context': [<snowplow_tracker.self_describing_json.SelfDescribingJson object at 0x1127175d0>, <snowplow_tracker.self_describing_json.SelfDescribingJson object at 0x1126590d0>]}
[0m23:02:43.735708 [info ] [MainThread]: 
[0m23:02:43.736175 [info ] [MainThread]: Updates available for packages: ['dbt-labs/audit_helper', 'dbt-labs/dbt_utils']                 
Update your versions in packages.yml, then run dbt deps
[0m23:02:43.738406 [debug] [MainThread]: Resource report: {"command_name": "deps", "command_success": true, "command_wall_clock_time": 0.85629255, "process_in_blocks": "0", "process_kernel_time": 0.305319, "process_mem_max_rss": "108769280", "process_out_blocks": "0", "process_user_time": 1.542412}
[0m23:02:43.739504 [debug] [MainThread]: Command `dbt deps` succeeded at 23:02:43.739253 after 0.86 seconds
[0m23:02:43.740209 [debug] [MainThread]: Sending event: {'category': 'dbt', 'action': 'invocation', 'label': 'end', 'context': [<snowplow_tracker.self_describing_json.SelfDescribingJson object at 0x10dc23090>, <snowplow_tracker.self_describing_json.SelfDescribingJson object at 0x11259b650>, <snowplow_tracker.self_describing_json.SelfDescribingJson object at 0x10db9a050>]}
[0m23:02:43.740575 [debug] [MainThread]: Flushing usage events
[0m23:02:43.848621 [debug] [MainThread]: An error was encountered while trying to flush usage events
[0m23:05:47.787035 [debug] [MainThread]: Sending event: {'category': 'dbt', 'action': 'invocation', 'label': 'start', 'context': [<snowplow_tracker.self_describing_json.SelfDescribingJson object at 0x10f554310>, <snowplow_tracker.self_describing_json.SelfDescribingJson object at 0x11207bc50>, <snowplow_tracker.self_describing_json.SelfDescribingJson object at 0x11204de10>]}


============================== 23:05:47.794725 | 19045d11-6b75-44af-90fd-4ba07778db83 ==============================
[0m23:05:47.794725 [info ] [MainThread]: Running with dbt=1.11.2
[0m23:05:47.795631 [debug] [MainThread]: running dbt with arguments {'cache_selected_only': 'False', 'empty': 'None', 'fail_fast': 'False', 'use_experimental_parser': 'False', 'version_check': 'True', 'log_cache_events': 'False', 'send_anonymous_usage_stats': 'True', 'profiles_dir': '/Users/davidreynolds/.dbt', 'static_parser': 'True', 'quiet': 'False', 'no_print': 'None', 'log_format': 'default', 'write_json': 'True', 'indirect_selection': 'eager', 'debug': 'False', 'printer_width': '80', 'use_colors': 'True', 'invocation_command': 'dbt deps', 'warn_error': 'None', 'target_path': 'None', 'log_path': '/Users/davidreynolds/projects/online_teletherapy_signups/logs', 'partial_parse': 'True', 'warn_error_options': 'WarnErrorOptionsV2(error=[], warn=[], silence=[])', 'introspect': 'True'}
[0m23:05:47.992377 [debug] [MainThread]: Sending event: {'category': 'dbt', 'action': 'project_id', 'label': '19045d11-6b75-44af-90fd-4ba07778db83', 'context': [<snowplow_tracker.self_describing_json.SelfDescribingJson object at 0x1121d2b10>]}
[0m23:05:48.025941 [debug] [MainThread]: Set downloads directory='/var/folders/z5/w8xlnwh9025196yqn8xtxf5h0000gn/T/dbt-downloads-yvgybl7i'
[0m23:05:48.026552 [debug] [MainThread]: Making package index registry request: GET https://hub.getdbt.com/api/v1/index.json
[0m23:05:48.538509 [debug] [MainThread]: Response from registry index: GET https://hub.getdbt.com/api/v1/index.json 200
[0m23:05:48.540862 [debug] [MainThread]: Making package registry request: GET https://hub.getdbt.com/api/v1/dbt-labs/audit_helper.json
[0m23:05:48.615110 [debug] [MainThread]: Response from registry: GET https://hub.getdbt.com/api/v1/dbt-labs/audit_helper.json 200
[0m23:05:48.622565 [debug] [MainThread]: Making package registry request: GET https://hub.getdbt.com/api/v1/dbt-labs/dbt_utils.json
[0m23:05:48.683051 [debug] [MainThread]: Response from registry: GET https://hub.getdbt.com/api/v1/dbt-labs/dbt_utils.json 200
[0m23:05:48.701188 [info ] [MainThread]: Updating lock file in file path: /Users/davidreynolds/projects/online_teletherapy_signups/package-lock.yml
[0m23:05:48.769356 [debug] [MainThread]: Set downloads directory='/var/folders/z5/w8xlnwh9025196yqn8xtxf5h0000gn/T/dbt-downloads-pcvfw72c'
[0m23:05:48.774834 [info ] [MainThread]: Installing dbt-labs/audit_helper
[0m23:05:48.955627 [info ] [MainThread]: Installed from version 0.12.2
[0m23:05:48.956104 [info ] [MainThread]: Up to date!
[0m23:05:48.956543 [debug] [MainThread]: Sending event: {'category': 'dbt', 'action': 'package', 'label': '19045d11-6b75-44af-90fd-4ba07778db83', 'property_': 'install', 'context': [<snowplow_tracker.self_describing_json.SelfDescribingJson object at 0x1121d1290>, <snowplow_tracker.self_describing_json.SelfDescribingJson object at 0x112282190>]}
[0m23:05:48.957007 [info ] [MainThread]: Installing dbt-labs/dbt_utils
[0m23:05:49.184303 [info ] [MainThread]: Installed from version 1.3.3
[0m23:05:49.184760 [info ] [MainThread]: Up to date!
[0m23:05:49.185136 [debug] [MainThread]: Sending event: {'category': 'dbt', 'action': 'package', 'label': '19045d11-6b75-44af-90fd-4ba07778db83', 'property_': 'install', 'context': [<snowplow_tracker.self_describing_json.SelfDescribingJson object at 0x11217c710>, <snowplow_tracker.self_describing_json.SelfDescribingJson object at 0x11212f610>]}
[0m23:05:49.188368 [debug] [MainThread]: Resource report: {"command_name": "deps", "command_success": true, "command_wall_clock_time": 1.4874939, "process_in_blocks": "0", "process_kernel_time": 0.548839, "process_mem_max_rss": "108265472", "process_out_blocks": "0", "process_user_time": 1.898426}
[0m23:05:49.188975 [debug] [MainThread]: Command `dbt deps` succeeded at 23:05:49.188843 after 1.49 seconds
[0m23:05:49.189408 [debug] [MainThread]: Sending event: {'category': 'dbt', 'action': 'invocation', 'label': 'end', 'context': [<snowplow_tracker.self_describing_json.SelfDescribingJson object at 0x11207ba10>, <snowplow_tracker.self_describing_json.SelfDescribingJson object at 0x10d76b1d0>, <snowplow_tracker.self_describing_json.SelfDescribingJson object at 0x111f3d890>]}
[0m23:05:49.189838 [debug] [MainThread]: Flushing usage events
[0m23:05:49.333875 [debug] [MainThread]: An error was encountered while trying to flush usage events
[0m23:06:02.091010 [debug] [MainThread]: Sending event: {'category': 'dbt', 'action': 'invocation', 'label': 'start', 'context': [<snowplow_tracker.self_describing_json.SelfDescribingJson object at 0x10ce84290>, <snowplow_tracker.self_describing_json.SelfDescribingJson object at 0x10cef3c50>, <snowplow_tracker.self_describing_json.SelfDescribingJson object at 0x10cef3450>]}


============================== 23:06:02.095861 | cf7f381f-b4c2-4652-886b-093c2d9a85a8 ==============================
[0m23:06:02.095861 [info ] [MainThread]: Running with dbt=1.11.2
[0m23:06:02.096545 [debug] [MainThread]: running dbt with arguments {'static_parser': 'True', 'write_json': 'True', 'no_print': 'None', 'warn_error_options': 'WarnErrorOptionsV2(error=[], warn=[], silence=[])', 'empty': 'False', 'cache_selected_only': 'False', 'log_path': '/Users/davidreynolds/projects/online_teletherapy_signups/logs', 'use_colors': 'True', 'partial_parse': 'True', 'log_format': 'default', 'send_anonymous_usage_stats': 'True', 'quiet': 'False', 'fail_fast': 'False', 'profiles_dir': '/Users/davidreynolds/.dbt', 'use_experimental_parser': 'False', 'target_path': 'None', 'version_check': 'True', 'indirect_selection': 'eager', 'printer_width': '80', 'introspect': 'True', 'invocation_command': 'dbt compile', 'debug': 'False', 'warn_error': 'None', 'log_cache_events': 'False'}
[0m23:06:11.437223 [debug] [MainThread]: Sending event: {'category': 'dbt', 'action': 'project_id', 'label': 'cf7f381f-b4c2-4652-886b-093c2d9a85a8', 'context': [<snowplow_tracker.self_describing_json.SelfDescribingJson object at 0x11d61a8d0>]}
[0m23:06:11.498203 [debug] [MainThread]: Sending event: {'category': 'dbt', 'action': 'adapter_info', 'label': 'cf7f381f-b4c2-4652-886b-093c2d9a85a8', 'context': [<snowplow_tracker.self_describing_json.SelfDescribingJson object at 0x10a429a50>]}
[0m23:06:11.498750 [info ] [MainThread]: Registered adapter: bigquery=1.11.0
[0m23:06:11.795545 [debug] [MainThread]: checksum: 3d40d8bbe1bef07db1c24822f2dbfff8bc07f2a48ed4fe2658a40653aec0b54b, vars: {}, profile: , target: , version: 1.11.2
[0m23:06:11.796653 [info ] [MainThread]: Unable to do partial parsing because saved manifest not found. Starting full parse.
[0m23:06:11.797101 [debug] [MainThread]: Sending event: {'category': 'dbt', 'action': 'partial_parser', 'label': 'cf7f381f-b4c2-4652-886b-093c2d9a85a8', 'context': [<snowplow_tracker.self_describing_json.SelfDescribingJson object at 0x11d596890>]}
[0m23:06:11.842414 [warn ] [MainThread]: [[33mWARNING[0m][PropertyMovedToConfigDeprecation]: Deprecated functionality
Found `meta` as a top-level property of `models[0]` in file
`models/marts/_mart_visitor_type2_us_outcomes.yml`. The `meta` top-level
property should be moved into the `config` of `models[0]`.
[0m23:06:11.842969 [debug] [MainThread]: Sending event: {'category': 'dbt', 'action': 'deprecation', 'label': 'cf7f381f-b4c2-4652-886b-093c2d9a85a8', 'property_': 'warn', 'context': [<snowplow_tracker.self_describing_json.SelfDescribingJson object at 0x11d848f10>]}
[0m23:06:13.517116 [warn ] [MainThread]: [[33mWARNING[0m][MissingArgumentsPropertyInGenericTestDeprecation]: Deprecated
functionality
Found top-level arguments to test `accepted_values` defined on 'stg_bh__goals'
in package 'online_teletherapy_signups' (models/staging/bh/_stg_bh__goals.yml).
Arguments to generic tests should be nested under the `arguments` property.
[0m23:06:13.517591 [debug] [MainThread]: Sending event: {'category': 'dbt', 'action': 'deprecation', 'label': 'cf7f381f-b4c2-4652-886b-093c2d9a85a8', 'property_': 'warn', 'context': [<snowplow_tracker.self_describing_json.SelfDescribingJson object at 0x11db52550>]}
[0m23:06:13.800353 [warn ] [MainThread]: [[33mWARNING[0m]: Test 'test.online_teletherapy_signups.relationships_fact_tests_visitor_key__visitor_key__ref_dim_visitor_.85a707d7f4' (models/marts/_fact_tests.yml) depends on a node named 'dim_visitor' in package '' which was not found
[0m23:06:13.800884 [warn ] [MainThread]: [[33mWARNING[0m]: Test 'test.online_teletherapy_signups.relationships_mart_visitor_traffic_type_visitor_key__visitor_key__ref_dim_visitor_.344aa109cc' (models/marts/_mart_visitor_traffic_type.yml) depends on a node named 'dim_visitor' in package '' which was not found
[0m23:06:13.925010 [debug] [MainThread]: Sending event: {'category': 'dbt', 'action': 'load_project', 'label': 'cf7f381f-b4c2-4652-886b-093c2d9a85a8', 'context': [<snowplow_tracker.self_describing_json.SelfDescribingJson object at 0x11dd55c10>]}
[0m23:06:14.061146 [debug] [MainThread]: Wrote artifact WritableManifest to /Users/davidreynolds/projects/online_teletherapy_signups/target/manifest.json
[0m23:06:14.063172 [debug] [MainThread]: Wrote artifact SemanticManifest to /Users/davidreynolds/projects/online_teletherapy_signups/target/semantic_manifest.json
[0m23:06:14.090587 [debug] [MainThread]: Sending event: {'category': 'dbt', 'action': 'resource_counts', 'label': 'cf7f381f-b4c2-4652-886b-093c2d9a85a8', 'context': [<snowplow_tracker.self_describing_json.SelfDescribingJson object at 0x11de44ad0>]}
[0m23:06:14.091273 [info ] [MainThread]: Found 9 models, 104 data tests, 3 sources, 702 macros
[0m23:06:14.091692 [debug] [MainThread]: Sending event: {'category': 'dbt', 'action': 'runnable_timing', 'label': 'cf7f381f-b4c2-4652-886b-093c2d9a85a8', 'context': [<snowplow_tracker.self_describing_json.SelfDescribingJson object at 0x11e0ae110>]}
[0m23:06:14.098100 [info ] [MainThread]: 
[0m23:06:14.098613 [info ] [MainThread]: Concurrency: 4 threads (target='dev')
[0m23:06:14.098970 [info ] [MainThread]: 
[0m23:06:14.099510 [debug] [MainThread]: Acquiring new bigquery connection 'master'
[0m23:06:14.104563 [debug] [ThreadPool]: Acquiring new bigquery connection 'list_mind-diagnostics-414622_dbt_dreynolds'
[0m23:06:14.105094 [debug] [ThreadPool]: Opening a new connection, currently in state init
[0m23:06:14.516888 [debug] [MainThread]: Sending event: {'category': 'dbt', 'action': 'runnable_timing', 'label': 'cf7f381f-b4c2-4652-886b-093c2d9a85a8', 'context': [<snowplow_tracker.self_describing_json.SelfDescribingJson object at 0x11dd89cd0>]}
[0m23:06:14.517470 [debug] [MainThread]: Opening a new connection, currently in state init
[0m23:06:14.525643 [debug] [Thread-1 (]: Began running node model.online_teletherapy_signups.stg_bh__goals
[0m23:06:14.526204 [debug] [Thread-2 (]: Began running node model.online_teletherapy_signups.stg_md__tests
[0m23:06:14.526763 [debug] [Thread-1 (]: Re-using an available connection from the pool (formerly list_mind-diagnostics-414622_dbt_dreynolds, now model.online_teletherapy_signups.stg_bh__goals)
[0m23:06:14.527214 [debug] [Thread-3 (]: Began running node model.online_teletherapy_signups.stg_md__visitors
[0m23:06:14.527709 [debug] [Thread-4 (]: Began running node test.online_teletherapy_signups.dbt_utils_source_expression_is_true_md_log_tests_completed__in_true_false_.5987433a38
[0m23:06:14.528324 [debug] [Thread-2 (]: Acquiring new bigquery connection 'model.online_teletherapy_signups.stg_md__tests'
[0m23:06:14.528808 [debug] [Thread-1 (]: Began compiling node model.online_teletherapy_signups.stg_bh__goals
[0m23:06:14.529395 [debug] [Thread-3 (]: Acquiring new bigquery connection 'model.online_teletherapy_signups.stg_md__visitors'
[0m23:06:14.529972 [debug] [Thread-4 (]: Acquiring new bigquery connection 'test.online_teletherapy_signups.dbt_utils_source_expression_is_true_md_log_tests_completed__in_true_false_.5987433a38'
[0m23:06:14.530449 [debug] [Thread-2 (]: Began compiling node model.online_teletherapy_signups.stg_md__tests
[0m23:06:14.541121 [debug] [Thread-1 (]: Writing injected SQL for node "model.online_teletherapy_signups.stg_bh__goals"
[0m23:06:14.541580 [debug] [Thread-3 (]: Began compiling node model.online_teletherapy_signups.stg_md__visitors
[0m23:06:14.542011 [debug] [Thread-4 (]: Began compiling node test.online_teletherapy_signups.dbt_utils_source_expression_is_true_md_log_tests_completed__in_true_false_.5987433a38
[0m23:06:14.545370 [debug] [Thread-2 (]: Writing injected SQL for node "model.online_teletherapy_signups.stg_md__tests"
[0m23:06:14.548802 [debug] [Thread-3 (]: Writing injected SQL for node "model.online_teletherapy_signups.stg_md__visitors"
[0m23:06:14.553368 [debug] [Thread-4 (]: Writing injected SQL for node "test.online_teletherapy_signups.dbt_utils_source_expression_is_true_md_log_tests_completed__in_true_false_.5987433a38"
[0m23:06:14.554530 [debug] [Thread-2 (]: Began executing node model.online_teletherapy_signups.stg_md__tests
[0m23:06:14.554982 [debug] [Thread-3 (]: Began executing node model.online_teletherapy_signups.stg_md__visitors
[0m23:06:14.555465 [debug] [Thread-2 (]: Opening a new connection, currently in state init
[0m23:06:14.555831 [debug] [Thread-1 (]: Began executing node model.online_teletherapy_signups.stg_bh__goals
[0m23:06:14.556252 [debug] [Thread-4 (]: Began executing node test.online_teletherapy_signups.dbt_utils_source_expression_is_true_md_log_tests_completed__in_true_false_.5987433a38
[0m23:06:14.556645 [debug] [Thread-3 (]: Opening a new connection, currently in state init
[0m23:06:14.558632 [debug] [Thread-2 (]: Finished running node model.online_teletherapy_signups.stg_md__tests
[0m23:06:14.559062 [debug] [Thread-1 (]: Opening a new connection, currently in state closed
[0m23:06:14.559488 [debug] [Thread-4 (]: Opening a new connection, currently in state init
[0m23:06:14.561316 [debug] [Thread-3 (]: Finished running node model.online_teletherapy_signups.stg_md__visitors
[0m23:06:14.561764 [debug] [Thread-2 (]: Began running node test.online_teletherapy_signups.dbt_utils_source_expression_is_true_md_log_tests_duration___0.a00131dabc
[0m23:06:14.564099 [debug] [Thread-1 (]: Finished running node model.online_teletherapy_signups.stg_bh__goals
[0m23:06:14.565826 [debug] [Thread-4 (]: Finished running node test.online_teletherapy_signups.dbt_utils_source_expression_is_true_md_log_tests_completed__in_true_false_.5987433a38
[0m23:06:14.566253 [debug] [Thread-3 (]: Began running node test.online_teletherapy_signups.dbt_utils_source_expression_is_true_md_log_tests_site_id__in_0_1_2_4_.a6805ec048
[0m23:06:14.566754 [debug] [Thread-2 (]: Re-using an available connection from the pool (formerly model.online_teletherapy_signups.stg_md__tests, now test.online_teletherapy_signups.dbt_utils_source_expression_is_true_md_log_tests_duration___0.a00131dabc)
[0m23:06:14.567356 [debug] [Thread-1 (]: Began running node test.online_teletherapy_signups.dbt_utils_source_expression_is_true_md_log_tests_updated_at___created_at.77670ae3ca
[0m23:06:14.567865 [debug] [Thread-4 (]: Began running node test.online_teletherapy_signups.dbt_utils_source_expression_is_true_md_log_visitor_updated_at___created_at.bd98c9b182
[0m23:06:14.568471 [debug] [Thread-3 (]: Re-using an available connection from the pool (formerly model.online_teletherapy_signups.stg_md__visitors, now test.online_teletherapy_signups.dbt_utils_source_expression_is_true_md_log_tests_site_id__in_0_1_2_4_.a6805ec048)
[0m23:06:14.568899 [debug] [Thread-2 (]: Began compiling node test.online_teletherapy_signups.dbt_utils_source_expression_is_true_md_log_tests_duration___0.a00131dabc
[0m23:06:14.569314 [debug] [Thread-1 (]: Re-using an available connection from the pool (formerly model.online_teletherapy_signups.stg_bh__goals, now test.online_teletherapy_signups.dbt_utils_source_expression_is_true_md_log_tests_updated_at___created_at.77670ae3ca)
[0m23:06:14.569750 [debug] [Thread-4 (]: Re-using an available connection from the pool (formerly test.online_teletherapy_signups.dbt_utils_source_expression_is_true_md_log_tests_completed__in_true_false_.5987433a38, now test.online_teletherapy_signups.dbt_utils_source_expression_is_true_md_log_visitor_updated_at___created_at.bd98c9b182)
[0m23:06:14.570148 [debug] [Thread-3 (]: Began compiling node test.online_teletherapy_signups.dbt_utils_source_expression_is_true_md_log_tests_site_id__in_0_1_2_4_.a6805ec048
[0m23:06:14.575753 [debug] [Thread-2 (]: Writing injected SQL for node "test.online_teletherapy_signups.dbt_utils_source_expression_is_true_md_log_tests_duration___0.a00131dabc"
[0m23:06:14.576172 [debug] [Thread-1 (]: Began compiling node test.online_teletherapy_signups.dbt_utils_source_expression_is_true_md_log_tests_updated_at___created_at.77670ae3ca
[0m23:06:14.576568 [debug] [Thread-4 (]: Began compiling node test.online_teletherapy_signups.dbt_utils_source_expression_is_true_md_log_visitor_updated_at___created_at.bd98c9b182
[0m23:06:14.580482 [debug] [Thread-3 (]: Writing injected SQL for node "test.online_teletherapy_signups.dbt_utils_source_expression_is_true_md_log_tests_site_id__in_0_1_2_4_.a6805ec048"
[0m23:06:14.584432 [debug] [Thread-1 (]: Writing injected SQL for node "test.online_teletherapy_signups.dbt_utils_source_expression_is_true_md_log_tests_updated_at___created_at.77670ae3ca"
[0m23:06:14.588044 [debug] [Thread-4 (]: Writing injected SQL for node "test.online_teletherapy_signups.dbt_utils_source_expression_is_true_md_log_visitor_updated_at___created_at.bd98c9b182"
[0m23:06:14.588882 [debug] [Thread-2 (]: Began executing node test.online_teletherapy_signups.dbt_utils_source_expression_is_true_md_log_tests_duration___0.a00131dabc
[0m23:06:14.589248 [debug] [Thread-2 (]: Opening a new connection, currently in state closed
[0m23:06:14.589806 [debug] [Thread-4 (]: Began executing node test.online_teletherapy_signups.dbt_utils_source_expression_is_true_md_log_visitor_updated_at___created_at.bd98c9b182
[0m23:06:14.590211 [debug] [Thread-4 (]: Opening a new connection, currently in state closed
[0m23:06:14.591894 [debug] [Thread-4 (]: Finished running node test.online_teletherapy_signups.dbt_utils_source_expression_is_true_md_log_visitor_updated_at___created_at.bd98c9b182
[0m23:06:14.592369 [debug] [Thread-1 (]: Began executing node test.online_teletherapy_signups.dbt_utils_source_expression_is_true_md_log_tests_updated_at___created_at.77670ae3ca
[0m23:06:14.592798 [debug] [Thread-4 (]: Began running node test.online_teletherapy_signups.source_accepted_values_bh_goals_goal_name__User_Signup__Trial_Converted.98a19dd275
[0m23:06:14.594370 [debug] [Thread-2 (]: Finished running node test.online_teletherapy_signups.dbt_utils_source_expression_is_true_md_log_tests_duration___0.a00131dabc
[0m23:06:14.594770 [debug] [Thread-1 (]: Opening a new connection, currently in state closed
[0m23:06:14.595068 [debug] [Thread-3 (]: Began executing node test.online_teletherapy_signups.dbt_utils_source_expression_is_true_md_log_tests_site_id__in_0_1_2_4_.a6805ec048
[0m23:06:14.595426 [debug] [Thread-4 (]: Re-using an available connection from the pool (formerly test.online_teletherapy_signups.dbt_utils_source_expression_is_true_md_log_visitor_updated_at___created_at.bd98c9b182, now test.online_teletherapy_signups.source_accepted_values_bh_goals_goal_name__User_Signup__Trial_Converted.98a19dd275)
[0m23:06:14.595796 [debug] [Thread-2 (]: Began running node test.online_teletherapy_signups.source_accepted_values_bh_goals_stat_affiliate_info1__fm__md__pm__rd.9c37a32a03
[0m23:06:14.596264 [debug] [Thread-3 (]: Opening a new connection, currently in state closed
[0m23:06:14.597611 [debug] [Thread-1 (]: Finished running node test.online_teletherapy_signups.dbt_utils_source_expression_is_true_md_log_tests_updated_at___created_at.77670ae3ca
[0m23:06:14.597940 [debug] [Thread-4 (]: Began compiling node test.online_teletherapy_signups.source_accepted_values_bh_goals_goal_name__User_Signup__Trial_Converted.98a19dd275
[0m23:06:14.598285 [debug] [Thread-2 (]: Re-using an available connection from the pool (formerly test.online_teletherapy_signups.dbt_utils_source_expression_is_true_md_log_tests_duration___0.a00131dabc, now test.online_teletherapy_signups.source_accepted_values_bh_goals_stat_affiliate_info1__fm__md__pm__rd.9c37a32a03)
[0m23:06:14.598740 [debug] [Thread-1 (]: Began running node test.online_teletherapy_signups.source_accepted_values_bh_goals_stat_affiliate_info2__email__mobile_app__mobile_web__desktop_web.6f4ecd0ca7
[0m23:06:14.600108 [debug] [Thread-3 (]: Finished running node test.online_teletherapy_signups.dbt_utils_source_expression_is_true_md_log_tests_site_id__in_0_1_2_4_.a6805ec048
[0m23:06:14.603818 [debug] [Thread-4 (]: Writing injected SQL for node "test.online_teletherapy_signups.source_accepted_values_bh_goals_goal_name__User_Signup__Trial_Converted.98a19dd275"
[0m23:06:14.604235 [debug] [Thread-2 (]: Began compiling node test.online_teletherapy_signups.source_accepted_values_bh_goals_stat_affiliate_info1__fm__md__pm__rd.9c37a32a03
[0m23:06:14.604589 [debug] [Thread-1 (]: Re-using an available connection from the pool (formerly test.online_teletherapy_signups.dbt_utils_source_expression_is_true_md_log_tests_updated_at___created_at.77670ae3ca, now test.online_teletherapy_signups.source_accepted_values_bh_goals_stat_affiliate_info2__email__mobile_app__mobile_web__desktop_web.6f4ecd0ca7)
[0m23:06:14.604963 [debug] [Thread-3 (]: Began running node test.online_teletherapy_signups.source_accepted_values_md_log_tests_channel__web__mobile_web__mobile.736a1291ba
[0m23:06:14.608771 [debug] [Thread-2 (]: Writing injected SQL for node "test.online_teletherapy_signups.source_accepted_values_bh_goals_stat_affiliate_info1__fm__md__pm__rd.9c37a32a03"
[0m23:06:14.609186 [debug] [Thread-1 (]: Began compiling node test.online_teletherapy_signups.source_accepted_values_bh_goals_stat_affiliate_info2__email__mobile_app__mobile_web__desktop_web.6f4ecd0ca7
[0m23:06:14.609610 [debug] [Thread-3 (]: Re-using an available connection from the pool (formerly test.online_teletherapy_signups.dbt_utils_source_expression_is_true_md_log_tests_site_id__in_0_1_2_4_.a6805ec048, now test.online_teletherapy_signups.source_accepted_values_md_log_tests_channel__web__mobile_web__mobile.736a1291ba)
[0m23:06:14.609967 [debug] [Thread-4 (]: Began executing node test.online_teletherapy_signups.source_accepted_values_bh_goals_goal_name__User_Signup__Trial_Converted.98a19dd275
[0m23:06:14.613572 [debug] [Thread-1 (]: Writing injected SQL for node "test.online_teletherapy_signups.source_accepted_values_bh_goals_stat_affiliate_info2__email__mobile_app__mobile_web__desktop_web.6f4ecd0ca7"
[0m23:06:14.613982 [debug] [Thread-3 (]: Began compiling node test.online_teletherapy_signups.source_accepted_values_md_log_tests_channel__web__mobile_web__mobile.736a1291ba
[0m23:06:14.614281 [debug] [Thread-2 (]: Began executing node test.online_teletherapy_signups.source_accepted_values_bh_goals_stat_affiliate_info1__fm__md__pm__rd.9c37a32a03
[0m23:06:14.614622 [debug] [Thread-4 (]: Opening a new connection, currently in state closed
[0m23:06:14.619724 [debug] [Thread-3 (]: Writing injected SQL for node "test.online_teletherapy_signups.source_accepted_values_md_log_tests_channel__web__mobile_web__mobile.736a1291ba"
[0m23:06:14.620256 [debug] [Thread-2 (]: Opening a new connection, currently in state closed
[0m23:06:14.620581 [debug] [Thread-1 (]: Began executing node test.online_teletherapy_signups.source_accepted_values_bh_goals_stat_affiliate_info2__email__mobile_app__mobile_web__desktop_web.6f4ecd0ca7
[0m23:06:14.623418 [debug] [Thread-4 (]: Finished running node test.online_teletherapy_signups.source_accepted_values_bh_goals_goal_name__User_Signup__Trial_Converted.98a19dd275
[0m23:06:14.625751 [debug] [Thread-2 (]: Finished running node test.online_teletherapy_signups.source_accepted_values_bh_goals_stat_affiliate_info1__fm__md__pm__rd.9c37a32a03
[0m23:06:14.626152 [debug] [Thread-1 (]: Opening a new connection, currently in state closed
[0m23:06:14.626567 [debug] [Thread-4 (]: Began running node test.online_teletherapy_signups.source_accepted_values_md_log_visitor_device_type__mobile__wearable__console__smarttv__tablet.fb35c9848c
[0m23:06:14.626872 [debug] [Thread-3 (]: Began executing node test.online_teletherapy_signups.source_accepted_values_md_log_tests_channel__web__mobile_web__mobile.736a1291ba
[0m23:06:14.627322 [debug] [Thread-2 (]: Began running node test.online_teletherapy_signups.source_not_null_bh_goals_goal_name.518f5bfddc
[0m23:06:14.627835 [debug] [Thread-4 (]: Re-using an available connection from the pool (formerly test.online_teletherapy_signups.source_accepted_values_bh_goals_goal_name__User_Signup__Trial_Converted.98a19dd275, now test.online_teletherapy_signups.source_accepted_values_md_log_visitor_device_type__mobile__wearable__console__smarttv__tablet.fb35c9848c)
[0m23:06:14.629454 [debug] [Thread-1 (]: Finished running node test.online_teletherapy_signups.source_accepted_values_bh_goals_stat_affiliate_info2__email__mobile_app__mobile_web__desktop_web.6f4ecd0ca7
[0m23:06:14.629805 [debug] [Thread-3 (]: Opening a new connection, currently in state closed
[0m23:06:14.630271 [debug] [Thread-2 (]: Re-using an available connection from the pool (formerly test.online_teletherapy_signups.source_accepted_values_bh_goals_stat_affiliate_info1__fm__md__pm__rd.9c37a32a03, now test.online_teletherapy_signups.source_not_null_bh_goals_goal_name.518f5bfddc)
[0m23:06:14.630707 [debug] [Thread-4 (]: Began compiling node test.online_teletherapy_signups.source_accepted_values_md_log_visitor_device_type__mobile__wearable__console__smarttv__tablet.fb35c9848c
[0m23:06:14.631062 [debug] [Thread-1 (]: Began running node test.online_teletherapy_signups.source_not_null_bh_goals_stat_ad_id.f47d96fd9f
[0m23:06:14.631507 [debug] [Thread-2 (]: Began compiling node test.online_teletherapy_signups.source_not_null_bh_goals_goal_name.518f5bfddc
[0m23:06:14.632901 [debug] [Thread-3 (]: Finished running node test.online_teletherapy_signups.source_accepted_values_md_log_tests_channel__web__mobile_web__mobile.736a1291ba
[0m23:06:14.636909 [debug] [Thread-4 (]: Writing injected SQL for node "test.online_teletherapy_signups.source_accepted_values_md_log_visitor_device_type__mobile__wearable__console__smarttv__tablet.fb35c9848c"
[0m23:06:14.637282 [debug] [Thread-1 (]: Re-using an available connection from the pool (formerly test.online_teletherapy_signups.source_accepted_values_bh_goals_stat_affiliate_info2__email__mobile_app__mobile_web__desktop_web.6f4ecd0ca7, now test.online_teletherapy_signups.source_not_null_bh_goals_stat_ad_id.f47d96fd9f)
[0m23:06:14.642790 [debug] [Thread-2 (]: Writing injected SQL for node "test.online_teletherapy_signups.source_not_null_bh_goals_goal_name.518f5bfddc"
[0m23:06:14.643243 [debug] [Thread-3 (]: Began running node test.online_teletherapy_signups.source_not_null_bh_goals_stat_affiliate_info1.a9fe7f3bf1
[0m23:06:14.643727 [debug] [Thread-1 (]: Began compiling node test.online_teletherapy_signups.source_not_null_bh_goals_stat_ad_id.f47d96fd9f
[0m23:06:14.644288 [debug] [Thread-3 (]: Re-using an available connection from the pool (formerly test.online_teletherapy_signups.source_accepted_values_md_log_tests_channel__web__mobile_web__mobile.736a1291ba, now test.online_teletherapy_signups.source_not_null_bh_goals_stat_affiliate_info1.a9fe7f3bf1)
[0m23:06:14.644614 [debug] [Thread-4 (]: Began executing node test.online_teletherapy_signups.source_accepted_values_md_log_visitor_device_type__mobile__wearable__console__smarttv__tablet.fb35c9848c
[0m23:06:14.648225 [debug] [Thread-1 (]: Writing injected SQL for node "test.online_teletherapy_signups.source_not_null_bh_goals_stat_ad_id.f47d96fd9f"
[0m23:06:14.648629 [debug] [Thread-3 (]: Began compiling node test.online_teletherapy_signups.source_not_null_bh_goals_stat_affiliate_info1.a9fe7f3bf1
[0m23:06:14.648933 [debug] [Thread-2 (]: Began executing node test.online_teletherapy_signups.source_not_null_bh_goals_goal_name.518f5bfddc
[0m23:06:14.649294 [debug] [Thread-4 (]: Opening a new connection, currently in state closed
[0m23:06:14.652864 [debug] [Thread-3 (]: Writing injected SQL for node "test.online_teletherapy_signups.source_not_null_bh_goals_stat_affiliate_info1.a9fe7f3bf1"
[0m23:06:14.653280 [debug] [Thread-2 (]: Opening a new connection, currently in state closed
[0m23:06:14.653630 [debug] [Thread-1 (]: Began executing node test.online_teletherapy_signups.source_not_null_bh_goals_stat_ad_id.f47d96fd9f
[0m23:06:14.655408 [debug] [Thread-4 (]: Finished running node test.online_teletherapy_signups.source_accepted_values_md_log_visitor_device_type__mobile__wearable__console__smarttv__tablet.fb35c9848c
[0m23:06:14.655964 [debug] [Thread-1 (]: Opening a new connection, currently in state closed
[0m23:06:14.657322 [debug] [Thread-2 (]: Finished running node test.online_teletherapy_signups.source_not_null_bh_goals_goal_name.518f5bfddc
[0m23:06:14.657710 [debug] [Thread-4 (]: Began running node test.online_teletherapy_signups.source_not_null_bh_goals_stat_affiliate_info2.722cdd31a3
[0m23:06:14.658103 [debug] [Thread-3 (]: Began executing node test.online_teletherapy_signups.source_not_null_bh_goals_stat_affiliate_info1.a9fe7f3bf1
[0m23:06:14.659704 [debug] [Thread-1 (]: Finished running node test.online_teletherapy_signups.source_not_null_bh_goals_stat_ad_id.f47d96fd9f
[0m23:06:14.660074 [debug] [Thread-2 (]: Began running node test.online_teletherapy_signups.source_not_null_bh_goals_stat_datetime.e72384c75c
[0m23:06:14.660472 [debug] [Thread-4 (]: Re-using an available connection from the pool (formerly test.online_teletherapy_signups.source_accepted_values_md_log_visitor_device_type__mobile__wearable__console__smarttv__tablet.fb35c9848c, now test.online_teletherapy_signups.source_not_null_bh_goals_stat_affiliate_info2.722cdd31a3)
[0m23:06:14.660850 [debug] [Thread-3 (]: Opening a new connection, currently in state closed
[0m23:06:14.661209 [debug] [Thread-1 (]: Began running node test.online_teletherapy_signups.source_not_null_md_log_tests_channel.448b40bff0
[0m23:06:14.661593 [debug] [Thread-2 (]: Re-using an available connection from the pool (formerly test.online_teletherapy_signups.source_not_null_bh_goals_goal_name.518f5bfddc, now test.online_teletherapy_signups.source_not_null_bh_goals_stat_datetime.e72384c75c)
[0m23:06:14.661949 [debug] [Thread-4 (]: Began compiling node test.online_teletherapy_signups.source_not_null_bh_goals_stat_affiliate_info2.722cdd31a3
[0m23:06:14.663416 [debug] [Thread-3 (]: Finished running node test.online_teletherapy_signups.source_not_null_bh_goals_stat_affiliate_info1.a9fe7f3bf1
[0m23:06:14.663780 [debug] [Thread-1 (]: Re-using an available connection from the pool (formerly test.online_teletherapy_signups.source_not_null_bh_goals_stat_ad_id.f47d96fd9f, now test.online_teletherapy_signups.source_not_null_md_log_tests_channel.448b40bff0)
[0m23:06:14.664122 [debug] [Thread-2 (]: Began compiling node test.online_teletherapy_signups.source_not_null_bh_goals_stat_datetime.e72384c75c
[0m23:06:14.667682 [debug] [Thread-4 (]: Writing injected SQL for node "test.online_teletherapy_signups.source_not_null_bh_goals_stat_affiliate_info2.722cdd31a3"
[0m23:06:14.668062 [debug] [Thread-3 (]: Began running node test.online_teletherapy_signups.source_not_null_md_log_tests_completed.87870fabf6
[0m23:06:14.668431 [debug] [Thread-1 (]: Began compiling node test.online_teletherapy_signups.source_not_null_md_log_tests_channel.448b40bff0
[0m23:06:14.672315 [debug] [Thread-2 (]: Writing injected SQL for node "test.online_teletherapy_signups.source_not_null_bh_goals_stat_datetime.e72384c75c"
[0m23:06:14.672856 [debug] [Thread-3 (]: Re-using an available connection from the pool (formerly test.online_teletherapy_signups.source_not_null_bh_goals_stat_affiliate_info1.a9fe7f3bf1, now test.online_teletherapy_signups.source_not_null_md_log_tests_completed.87870fabf6)
[0m23:06:14.676596 [debug] [Thread-1 (]: Writing injected SQL for node "test.online_teletherapy_signups.source_not_null_md_log_tests_channel.448b40bff0"
[0m23:06:14.677132 [debug] [Thread-4 (]: Began executing node test.online_teletherapy_signups.source_not_null_bh_goals_stat_affiliate_info2.722cdd31a3
[0m23:06:14.677561 [debug] [Thread-3 (]: Began compiling node test.online_teletherapy_signups.source_not_null_md_log_tests_completed.87870fabf6
[0m23:06:14.678170 [debug] [Thread-4 (]: Opening a new connection, currently in state closed
[0m23:06:14.678477 [debug] [Thread-2 (]: Began executing node test.online_teletherapy_signups.source_not_null_bh_goals_stat_datetime.e72384c75c
[0m23:06:14.684158 [debug] [Thread-3 (]: Writing injected SQL for node "test.online_teletherapy_signups.source_not_null_md_log_tests_completed.87870fabf6"
[0m23:06:14.685840 [debug] [Thread-4 (]: Finished running node test.online_teletherapy_signups.source_not_null_bh_goals_stat_affiliate_info2.722cdd31a3
[0m23:06:14.686136 [debug] [Thread-1 (]: Began executing node test.online_teletherapy_signups.source_not_null_md_log_tests_channel.448b40bff0
[0m23:06:14.686484 [debug] [Thread-2 (]: Opening a new connection, currently in state closed
[0m23:06:14.686945 [debug] [Thread-4 (]: Began running node test.online_teletherapy_signups.source_not_null_md_log_tests_created_at.4bedda7379
[0m23:06:14.687350 [debug] [Thread-1 (]: Opening a new connection, currently in state closed
[0m23:06:14.687787 [debug] [Thread-3 (]: Began executing node test.online_teletherapy_signups.source_not_null_md_log_tests_completed.87870fabf6
[0m23:06:14.689205 [debug] [Thread-2 (]: Finished running node test.online_teletherapy_signups.source_not_null_bh_goals_stat_datetime.e72384c75c
[0m23:06:14.689521 [debug] [Thread-4 (]: Re-using an available connection from the pool (formerly test.online_teletherapy_signups.source_not_null_bh_goals_stat_affiliate_info2.722cdd31a3, now test.online_teletherapy_signups.source_not_null_md_log_tests_created_at.4bedda7379)
[0m23:06:14.690985 [debug] [Thread-1 (]: Finished running node test.online_teletherapy_signups.source_not_null_md_log_tests_channel.448b40bff0
[0m23:06:14.691343 [debug] [Thread-3 (]: Opening a new connection, currently in state closed
[0m23:06:14.691700 [debug] [Thread-2 (]: Began running node test.online_teletherapy_signups.source_not_null_md_log_tests_id.3365dbe57a
[0m23:06:14.692067 [debug] [Thread-4 (]: Began compiling node test.online_teletherapy_signups.source_not_null_md_log_tests_created_at.4bedda7379
[0m23:06:14.692443 [debug] [Thread-1 (]: Began running node test.online_teletherapy_signups.source_not_null_md_log_tests_ip_address.ee19e066e5
[0m23:06:14.692922 [debug] [Thread-2 (]: Re-using an available connection from the pool (formerly test.online_teletherapy_signups.source_not_null_bh_goals_stat_datetime.e72384c75c, now test.online_teletherapy_signups.source_not_null_md_log_tests_id.3365dbe57a)
[0m23:06:14.694480 [debug] [Thread-3 (]: Finished running node test.online_teletherapy_signups.source_not_null_md_log_tests_completed.87870fabf6
[0m23:06:14.699620 [debug] [Thread-4 (]: Writing injected SQL for node "test.online_teletherapy_signups.source_not_null_md_log_tests_created_at.4bedda7379"
[0m23:06:14.700146 [debug] [Thread-1 (]: Re-using an available connection from the pool (formerly test.online_teletherapy_signups.source_not_null_md_log_tests_channel.448b40bff0, now test.online_teletherapy_signups.source_not_null_md_log_tests_ip_address.ee19e066e5)
[0m23:06:14.700596 [debug] [Thread-2 (]: Began compiling node test.online_teletherapy_signups.source_not_null_md_log_tests_id.3365dbe57a
[0m23:06:14.701076 [debug] [Thread-3 (]: Began running node test.online_teletherapy_signups.source_not_null_md_log_tests_site_id.f9e3e98b96
[0m23:06:14.701729 [debug] [Thread-1 (]: Began compiling node test.online_teletherapy_signups.source_not_null_md_log_tests_ip_address.ee19e066e5
[0m23:06:14.706181 [debug] [Thread-2 (]: Writing injected SQL for node "test.online_teletherapy_signups.source_not_null_md_log_tests_id.3365dbe57a"
[0m23:06:14.706602 [debug] [Thread-4 (]: Began executing node test.online_teletherapy_signups.source_not_null_md_log_tests_created_at.4bedda7379
[0m23:06:14.706974 [debug] [Thread-3 (]: Re-using an available connection from the pool (formerly test.online_teletherapy_signups.source_not_null_md_log_tests_completed.87870fabf6, now test.online_teletherapy_signups.source_not_null_md_log_tests_site_id.f9e3e98b96)
[0m23:06:14.710950 [debug] [Thread-1 (]: Writing injected SQL for node "test.online_teletherapy_signups.source_not_null_md_log_tests_ip_address.ee19e066e5"
[0m23:06:14.711426 [debug] [Thread-4 (]: Opening a new connection, currently in state closed
[0m23:06:14.711918 [debug] [Thread-3 (]: Began compiling node test.online_teletherapy_signups.source_not_null_md_log_tests_site_id.f9e3e98b96
[0m23:06:14.712272 [debug] [Thread-2 (]: Began executing node test.online_teletherapy_signups.source_not_null_md_log_tests_id.3365dbe57a
[0m23:06:14.713883 [debug] [Thread-4 (]: Finished running node test.online_teletherapy_signups.source_not_null_md_log_tests_created_at.4bedda7379
[0m23:06:14.714180 [debug] [Thread-1 (]: Began executing node test.online_teletherapy_signups.source_not_null_md_log_tests_ip_address.ee19e066e5
[0m23:06:14.717663 [debug] [Thread-3 (]: Writing injected SQL for node "test.online_teletherapy_signups.source_not_null_md_log_tests_site_id.f9e3e98b96"
[0m23:06:14.718027 [debug] [Thread-2 (]: Opening a new connection, currently in state closed
[0m23:06:14.718390 [debug] [Thread-4 (]: Began running node test.online_teletherapy_signups.source_not_null_md_log_tests_test_taken.0652d3310a
[0m23:06:14.718781 [debug] [Thread-1 (]: Opening a new connection, currently in state closed
[0m23:06:14.719348 [debug] [Thread-4 (]: Re-using an available connection from the pool (formerly test.online_teletherapy_signups.source_not_null_md_log_tests_created_at.4bedda7379, now test.online_teletherapy_signups.source_not_null_md_log_tests_test_taken.0652d3310a)
[0m23:06:14.721372 [debug] [Thread-2 (]: Finished running node test.online_teletherapy_signups.source_not_null_md_log_tests_id.3365dbe57a
[0m23:06:14.721787 [debug] [Thread-3 (]: Began executing node test.online_teletherapy_signups.source_not_null_md_log_tests_site_id.f9e3e98b96
[0m23:06:14.722755 [debug] [Thread-4 (]: Began compiling node test.online_teletherapy_signups.source_not_null_md_log_tests_test_taken.0652d3310a
[0m23:06:14.725332 [debug] [Thread-2 (]: Began running node test.online_teletherapy_signups.source_not_null_md_log_tests_test_taken_id.0166380e5f
[0m23:06:14.726567 [debug] [Thread-1 (]: Finished running node test.online_teletherapy_signups.source_not_null_md_log_tests_ip_address.ee19e066e5
[0m23:06:14.727107 [debug] [Thread-3 (]: Opening a new connection, currently in state closed
[0m23:06:14.731137 [debug] [Thread-4 (]: Writing injected SQL for node "test.online_teletherapy_signups.source_not_null_md_log_tests_test_taken.0652d3310a"
[0m23:06:14.731573 [debug] [Thread-2 (]: Re-using an available connection from the pool (formerly test.online_teletherapy_signups.source_not_null_md_log_tests_id.3365dbe57a, now test.online_teletherapy_signups.source_not_null_md_log_tests_test_taken_id.0166380e5f)
[0m23:06:14.731963 [debug] [Thread-1 (]: Began running node test.online_teletherapy_signups.source_not_null_md_log_tests_updated_at.00cb949fa8
[0m23:06:14.733721 [debug] [Thread-3 (]: Finished running node test.online_teletherapy_signups.source_not_null_md_log_tests_site_id.f9e3e98b96
[0m23:06:14.734131 [debug] [Thread-2 (]: Began compiling node test.online_teletherapy_signups.source_not_null_md_log_tests_test_taken_id.0166380e5f
[0m23:06:14.734552 [debug] [Thread-4 (]: Began executing node test.online_teletherapy_signups.source_not_null_md_log_tests_test_taken.0652d3310a
[0m23:06:14.734878 [debug] [Thread-1 (]: Re-using an available connection from the pool (formerly test.online_teletherapy_signups.source_not_null_md_log_tests_ip_address.ee19e066e5, now test.online_teletherapy_signups.source_not_null_md_log_tests_updated_at.00cb949fa8)
[0m23:06:14.735281 [debug] [Thread-3 (]: Began running node test.online_teletherapy_signups.source_not_null_md_log_visitor_created_at.5e5077a35b
[0m23:06:14.739475 [debug] [Thread-2 (]: Writing injected SQL for node "test.online_teletherapy_signups.source_not_null_md_log_tests_test_taken_id.0166380e5f"
[0m23:06:14.739921 [debug] [Thread-4 (]: Opening a new connection, currently in state closed
[0m23:06:14.740269 [debug] [Thread-1 (]: Began compiling node test.online_teletherapy_signups.source_not_null_md_log_tests_updated_at.00cb949fa8
[0m23:06:14.740645 [debug] [Thread-3 (]: Re-using an available connection from the pool (formerly test.online_teletherapy_signups.source_not_null_md_log_tests_site_id.f9e3e98b96, now test.online_teletherapy_signups.source_not_null_md_log_visitor_created_at.5e5077a35b)
[0m23:06:14.746591 [debug] [Thread-1 (]: Writing injected SQL for node "test.online_teletherapy_signups.source_not_null_md_log_tests_updated_at.00cb949fa8"
[0m23:06:14.747282 [debug] [Thread-3 (]: Began compiling node test.online_teletherapy_signups.source_not_null_md_log_visitor_created_at.5e5077a35b
[0m23:06:14.748946 [debug] [Thread-4 (]: Finished running node test.online_teletherapy_signups.source_not_null_md_log_tests_test_taken.0652d3310a
[0m23:06:14.749279 [debug] [Thread-2 (]: Began executing node test.online_teletherapy_signups.source_not_null_md_log_tests_test_taken_id.0166380e5f
[0m23:06:14.753633 [debug] [Thread-3 (]: Writing injected SQL for node "test.online_teletherapy_signups.source_not_null_md_log_visitor_created_at.5e5077a35b"
[0m23:06:14.754235 [debug] [Thread-4 (]: Began running node test.online_teletherapy_signups.source_not_null_md_log_visitor_id.23d8368444
[0m23:06:14.754719 [debug] [Thread-2 (]: Opening a new connection, currently in state closed
[0m23:06:14.755193 [debug] [Thread-1 (]: Began executing node test.online_teletherapy_signups.source_not_null_md_log_tests_updated_at.00cb949fa8
[0m23:06:14.755720 [debug] [Thread-4 (]: Re-using an available connection from the pool (formerly test.online_teletherapy_signups.source_not_null_md_log_tests_test_taken.0652d3310a, now test.online_teletherapy_signups.source_not_null_md_log_visitor_id.23d8368444)
[0m23:06:14.756367 [debug] [Thread-3 (]: Began executing node test.online_teletherapy_signups.source_not_null_md_log_visitor_created_at.5e5077a35b
[0m23:06:14.758083 [debug] [Thread-2 (]: Finished running node test.online_teletherapy_signups.source_not_null_md_log_tests_test_taken_id.0166380e5f
[0m23:06:14.758429 [debug] [Thread-1 (]: Opening a new connection, currently in state closed
[0m23:06:14.758964 [debug] [Thread-4 (]: Began compiling node test.online_teletherapy_signups.source_not_null_md_log_visitor_id.23d8368444
[0m23:06:14.759317 [debug] [Thread-3 (]: Opening a new connection, currently in state closed
[0m23:06:14.759725 [debug] [Thread-2 (]: Began running node test.online_teletherapy_signups.source_not_null_md_log_visitor_ip.10b04f82b4
[0m23:06:14.764204 [debug] [Thread-4 (]: Writing injected SQL for node "test.online_teletherapy_signups.source_not_null_md_log_visitor_id.23d8368444"
[0m23:06:14.766103 [debug] [Thread-1 (]: Finished running node test.online_teletherapy_signups.source_not_null_md_log_tests_updated_at.00cb949fa8
[0m23:06:14.767720 [debug] [Thread-3 (]: Finished running node test.online_teletherapy_signups.source_not_null_md_log_visitor_created_at.5e5077a35b
[0m23:06:14.768091 [debug] [Thread-2 (]: Re-using an available connection from the pool (formerly test.online_teletherapy_signups.source_not_null_md_log_tests_test_taken_id.0166380e5f, now test.online_teletherapy_signups.source_not_null_md_log_visitor_ip.10b04f82b4)
[0m23:06:14.768648 [debug] [Thread-1 (]: Began running node test.online_teletherapy_signups.source_not_null_md_log_visitor_mduid.5d28c83c78
[0m23:06:14.769255 [debug] [Thread-3 (]: Began running node test.online_teletherapy_signups.source_not_null_md_log_visitor_updated_at.6e15fea0fe
[0m23:06:14.769832 [debug] [Thread-2 (]: Began compiling node test.online_teletherapy_signups.source_not_null_md_log_visitor_ip.10b04f82b4
[0m23:06:14.770296 [debug] [Thread-4 (]: Began executing node test.online_teletherapy_signups.source_not_null_md_log_visitor_id.23d8368444
[0m23:06:14.770816 [debug] [Thread-1 (]: Re-using an available connection from the pool (formerly test.online_teletherapy_signups.source_not_null_md_log_tests_updated_at.00cb949fa8, now test.online_teletherapy_signups.source_not_null_md_log_visitor_mduid.5d28c83c78)
[0m23:06:14.771445 [debug] [Thread-3 (]: Re-using an available connection from the pool (formerly test.online_teletherapy_signups.source_not_null_md_log_visitor_created_at.5e5077a35b, now test.online_teletherapy_signups.source_not_null_md_log_visitor_updated_at.6e15fea0fe)
[0m23:06:14.779062 [debug] [Thread-2 (]: Writing injected SQL for node "test.online_teletherapy_signups.source_not_null_md_log_visitor_ip.10b04f82b4"
[0m23:06:14.780229 [debug] [Thread-4 (]: Opening a new connection, currently in state closed
[0m23:06:14.781469 [debug] [Thread-1 (]: Began compiling node test.online_teletherapy_signups.source_not_null_md_log_visitor_mduid.5d28c83c78
[0m23:06:14.782410 [debug] [Thread-3 (]: Began compiling node test.online_teletherapy_signups.source_not_null_md_log_visitor_updated_at.6e15fea0fe
[0m23:06:14.790671 [debug] [Thread-4 (]: Finished running node test.online_teletherapy_signups.source_not_null_md_log_visitor_id.23d8368444
[0m23:06:14.791344 [debug] [Thread-1 (]: Writing injected SQL for node "test.online_teletherapy_signups.source_not_null_md_log_visitor_mduid.5d28c83c78"
[0m23:06:14.796571 [debug] [Thread-3 (]: Writing injected SQL for node "test.online_teletherapy_signups.source_not_null_md_log_visitor_updated_at.6e15fea0fe"
[0m23:06:14.797126 [debug] [Thread-4 (]: Began running node test.online_teletherapy_signups.source_unique_md_log_tests_id.4c92f35fad
[0m23:06:14.797498 [debug] [Thread-2 (]: Began executing node test.online_teletherapy_signups.source_not_null_md_log_visitor_ip.10b04f82b4
[0m23:06:14.798344 [debug] [Thread-4 (]: Re-using an available connection from the pool (formerly test.online_teletherapy_signups.source_not_null_md_log_visitor_id.23d8368444, now test.online_teletherapy_signups.source_unique_md_log_tests_id.4c92f35fad)
[0m23:06:14.798934 [debug] [Thread-2 (]: Opening a new connection, currently in state closed
[0m23:06:14.799299 [debug] [Thread-3 (]: Began executing node test.online_teletherapy_signups.source_not_null_md_log_visitor_updated_at.6e15fea0fe
[0m23:06:14.799647 [debug] [Thread-1 (]: Began executing node test.online_teletherapy_signups.source_not_null_md_log_visitor_mduid.5d28c83c78
[0m23:06:14.800061 [debug] [Thread-4 (]: Began compiling node test.online_teletherapy_signups.source_unique_md_log_tests_id.4c92f35fad
[0m23:06:14.800614 [debug] [Thread-3 (]: Opening a new connection, currently in state closed
[0m23:06:14.802547 [debug] [Thread-2 (]: Finished running node test.online_teletherapy_signups.source_not_null_md_log_visitor_ip.10b04f82b4
[0m23:06:14.802973 [debug] [Thread-1 (]: Opening a new connection, currently in state closed
[0m23:06:14.809428 [debug] [Thread-4 (]: Writing injected SQL for node "test.online_teletherapy_signups.source_unique_md_log_tests_id.4c92f35fad"
[0m23:06:14.810056 [debug] [Thread-2 (]: Began running node test.online_teletherapy_signups.source_unique_md_log_visitor_id.e4529de181
[0m23:06:14.811913 [debug] [Thread-3 (]: Finished running node test.online_teletherapy_signups.source_not_null_md_log_visitor_updated_at.6e15fea0fe
[0m23:06:14.813879 [debug] [Thread-1 (]: Finished running node test.online_teletherapy_signups.source_not_null_md_log_visitor_mduid.5d28c83c78
[0m23:06:14.814383 [debug] [Thread-2 (]: Re-using an available connection from the pool (formerly test.online_teletherapy_signups.source_not_null_md_log_visitor_ip.10b04f82b4, now test.online_teletherapy_signups.source_unique_md_log_visitor_id.e4529de181)
[0m23:06:14.814813 [debug] [Thread-4 (]: Began executing node test.online_teletherapy_signups.source_unique_md_log_tests_id.4c92f35fad
[0m23:06:14.815243 [debug] [Thread-3 (]: Began running node test.online_teletherapy_signups.source_unique_md_log_visitor_mduid.9c547abf76
[0m23:06:14.815732 [debug] [Thread-1 (]: Began running node test.online_teletherapy_signups.accepted_values_stg_md__tests_channel__web__mobile_web__mobile.28eddf76ae
[0m23:06:14.816189 [debug] [Thread-2 (]: Began compiling node test.online_teletherapy_signups.source_unique_md_log_visitor_id.e4529de181
[0m23:06:14.816651 [debug] [Thread-4 (]: Opening a new connection, currently in state closed
[0m23:06:14.817071 [debug] [Thread-3 (]: Re-using an available connection from the pool (formerly test.online_teletherapy_signups.source_not_null_md_log_visitor_updated_at.6e15fea0fe, now test.online_teletherapy_signups.source_unique_md_log_visitor_mduid.9c547abf76)
[0m23:06:14.817502 [debug] [Thread-1 (]: Re-using an available connection from the pool (formerly test.online_teletherapy_signups.source_not_null_md_log_visitor_mduid.5d28c83c78, now test.online_teletherapy_signups.accepted_values_stg_md__tests_channel__web__mobile_web__mobile.28eddf76ae)
[0m23:06:14.826803 [debug] [Thread-2 (]: Writing injected SQL for node "test.online_teletherapy_signups.source_unique_md_log_visitor_id.e4529de181"
[0m23:06:14.827843 [debug] [Thread-3 (]: Began compiling node test.online_teletherapy_signups.source_unique_md_log_visitor_mduid.9c547abf76
[0m23:06:14.831746 [debug] [Thread-4 (]: Finished running node test.online_teletherapy_signups.source_unique_md_log_tests_id.4c92f35fad
[0m23:06:14.832724 [debug] [Thread-1 (]: Began compiling node test.online_teletherapy_signups.accepted_values_stg_md__tests_channel__web__mobile_web__mobile.28eddf76ae
[0m23:06:14.838938 [debug] [Thread-3 (]: Writing injected SQL for node "test.online_teletherapy_signups.source_unique_md_log_visitor_mduid.9c547abf76"
[0m23:06:14.839574 [debug] [Thread-4 (]: Began running node test.online_teletherapy_signups.dbt_utils_expression_is_true_stg_md__tests_completed__in_true_false_.270ea4876a
[0m23:06:14.844493 [debug] [Thread-1 (]: Writing injected SQL for node "test.online_teletherapy_signups.accepted_values_stg_md__tests_channel__web__mobile_web__mobile.28eddf76ae"
[0m23:06:14.844917 [debug] [Thread-2 (]: Began executing node test.online_teletherapy_signups.source_unique_md_log_visitor_id.e4529de181
[0m23:06:14.845521 [debug] [Thread-4 (]: Re-using an available connection from the pool (formerly test.online_teletherapy_signups.source_unique_md_log_tests_id.4c92f35fad, now test.online_teletherapy_signups.dbt_utils_expression_is_true_stg_md__tests_completed__in_true_false_.270ea4876a)
[0m23:06:14.846142 [debug] [Thread-3 (]: Began executing node test.online_teletherapy_signups.source_unique_md_log_visitor_mduid.9c547abf76
[0m23:06:14.846604 [debug] [Thread-2 (]: Opening a new connection, currently in state closed
[0m23:06:14.847003 [debug] [Thread-4 (]: Began compiling node test.online_teletherapy_signups.dbt_utils_expression_is_true_stg_md__tests_completed__in_true_false_.270ea4876a
[0m23:06:14.847469 [debug] [Thread-3 (]: Opening a new connection, currently in state closed
[0m23:06:14.847891 [debug] [Thread-1 (]: Began executing node test.online_teletherapy_signups.accepted_values_stg_md__tests_channel__web__mobile_web__mobile.28eddf76ae
[0m23:06:14.849720 [debug] [Thread-2 (]: Finished running node test.online_teletherapy_signups.source_unique_md_log_visitor_id.e4529de181
[0m23:06:14.854358 [debug] [Thread-4 (]: Writing injected SQL for node "test.online_teletherapy_signups.dbt_utils_expression_is_true_stg_md__tests_completed__in_true_false_.270ea4876a"
[0m23:06:14.856354 [debug] [Thread-3 (]: Finished running node test.online_teletherapy_signups.source_unique_md_log_visitor_mduid.9c547abf76
[0m23:06:14.856786 [debug] [Thread-1 (]: Opening a new connection, currently in state closed
[0m23:06:14.857232 [debug] [Thread-2 (]: Began running node test.online_teletherapy_signups.dbt_utils_expression_is_true_stg_md__tests_duration___0.76184ff0d9
[0m23:06:14.857852 [debug] [Thread-3 (]: Began running node test.online_teletherapy_signups.dbt_utils_expression_is_true_stg_md__tests_site_id__in_0_1_2_4_.c4260db3cb
[0m23:06:14.858432 [debug] [Thread-2 (]: Re-using an available connection from the pool (formerly test.online_teletherapy_signups.source_unique_md_log_visitor_id.e4529de181, now test.online_teletherapy_signups.dbt_utils_expression_is_true_stg_md__tests_duration___0.76184ff0d9)
[0m23:06:14.860117 [debug] [Thread-1 (]: Finished running node test.online_teletherapy_signups.accepted_values_stg_md__tests_channel__web__mobile_web__mobile.28eddf76ae
[0m23:06:14.860549 [debug] [Thread-3 (]: Re-using an available connection from the pool (formerly test.online_teletherapy_signups.source_unique_md_log_visitor_mduid.9c547abf76, now test.online_teletherapy_signups.dbt_utils_expression_is_true_stg_md__tests_site_id__in_0_1_2_4_.c4260db3cb)
[0m23:06:14.861029 [debug] [Thread-2 (]: Began compiling node test.online_teletherapy_signups.dbt_utils_expression_is_true_stg_md__tests_duration___0.76184ff0d9
[0m23:06:14.861471 [debug] [Thread-4 (]: Began executing node test.online_teletherapy_signups.dbt_utils_expression_is_true_stg_md__tests_completed__in_true_false_.270ea4876a
[0m23:06:14.861876 [debug] [Thread-1 (]: Began running node test.online_teletherapy_signups.dbt_utils_expression_is_true_stg_md__tests_updated_at___created_at.e5ad9cb8be
[0m23:06:14.862326 [debug] [Thread-3 (]: Began compiling node test.online_teletherapy_signups.dbt_utils_expression_is_true_stg_md__tests_site_id__in_0_1_2_4_.c4260db3cb
[0m23:06:14.866301 [debug] [Thread-2 (]: Writing injected SQL for node "test.online_teletherapy_signups.dbt_utils_expression_is_true_stg_md__tests_duration___0.76184ff0d9"
[0m23:06:14.866696 [debug] [Thread-4 (]: Opening a new connection, currently in state closed
[0m23:06:14.867066 [debug] [Thread-1 (]: Re-using an available connection from the pool (formerly test.online_teletherapy_signups.accepted_values_stg_md__tests_channel__web__mobile_web__mobile.28eddf76ae, now test.online_teletherapy_signups.dbt_utils_expression_is_true_stg_md__tests_updated_at___created_at.e5ad9cb8be)
[0m23:06:14.870766 [debug] [Thread-3 (]: Writing injected SQL for node "test.online_teletherapy_signups.dbt_utils_expression_is_true_stg_md__tests_site_id__in_0_1_2_4_.c4260db3cb"
[0m23:06:14.871553 [debug] [Thread-1 (]: Began compiling node test.online_teletherapy_signups.dbt_utils_expression_is_true_stg_md__tests_updated_at___created_at.e5ad9cb8be
[0m23:06:14.872978 [debug] [Thread-2 (]: Began executing node test.online_teletherapy_signups.dbt_utils_expression_is_true_stg_md__tests_duration___0.76184ff0d9
[0m23:06:14.874213 [debug] [Thread-4 (]: Finished running node test.online_teletherapy_signups.dbt_utils_expression_is_true_stg_md__tests_completed__in_true_false_.270ea4876a
[0m23:06:14.879187 [debug] [Thread-1 (]: Writing injected SQL for node "test.online_teletherapy_signups.dbt_utils_expression_is_true_stg_md__tests_updated_at___created_at.e5ad9cb8be"
[0m23:06:14.879830 [debug] [Thread-3 (]: Began executing node test.online_teletherapy_signups.dbt_utils_expression_is_true_stg_md__tests_site_id__in_0_1_2_4_.c4260db3cb
[0m23:06:14.880278 [debug] [Thread-2 (]: Opening a new connection, currently in state closed
[0m23:06:14.880710 [debug] [Thread-4 (]: Began running node test.online_teletherapy_signups.not_null_stg_md__tests_channel.e45ccfc692
[0m23:06:14.881456 [debug] [Thread-3 (]: Opening a new connection, currently in state closed
[0m23:06:14.881878 [debug] [Thread-1 (]: Began executing node test.online_teletherapy_signups.dbt_utils_expression_is_true_stg_md__tests_updated_at___created_at.e5ad9cb8be
[0m23:06:14.882705 [debug] [Thread-4 (]: Re-using an available connection from the pool (formerly test.online_teletherapy_signups.dbt_utils_expression_is_true_stg_md__tests_completed__in_true_false_.270ea4876a, now test.online_teletherapy_signups.not_null_stg_md__tests_channel.e45ccfc692)
[0m23:06:14.884517 [debug] [Thread-2 (]: Finished running node test.online_teletherapy_signups.dbt_utils_expression_is_true_stg_md__tests_duration___0.76184ff0d9
[0m23:06:14.886386 [debug] [Thread-3 (]: Finished running node test.online_teletherapy_signups.dbt_utils_expression_is_true_stg_md__tests_site_id__in_0_1_2_4_.c4260db3cb
[0m23:06:14.886809 [debug] [Thread-1 (]: Opening a new connection, currently in state closed
[0m23:06:14.887186 [debug] [Thread-4 (]: Began compiling node test.online_teletherapy_signups.not_null_stg_md__tests_channel.e45ccfc692
[0m23:06:14.887608 [debug] [Thread-2 (]: Began running node test.online_teletherapy_signups.not_null_stg_md__tests_completed.3fc6207ab4
[0m23:06:14.888053 [debug] [Thread-3 (]: Began running node test.online_teletherapy_signups.not_null_stg_md__tests_created_at.2fd39930b5
[0m23:06:14.892125 [debug] [Thread-4 (]: Writing injected SQL for node "test.online_teletherapy_signups.not_null_stg_md__tests_channel.e45ccfc692"
[0m23:06:14.893632 [debug] [Thread-1 (]: Finished running node test.online_teletherapy_signups.dbt_utils_expression_is_true_stg_md__tests_updated_at___created_at.e5ad9cb8be
[0m23:06:14.894001 [debug] [Thread-2 (]: Re-using an available connection from the pool (formerly test.online_teletherapy_signups.dbt_utils_expression_is_true_stg_md__tests_duration___0.76184ff0d9, now test.online_teletherapy_signups.not_null_stg_md__tests_completed.3fc6207ab4)
[0m23:06:14.894368 [debug] [Thread-3 (]: Re-using an available connection from the pool (formerly test.online_teletherapy_signups.dbt_utils_expression_is_true_stg_md__tests_site_id__in_0_1_2_4_.c4260db3cb, now test.online_teletherapy_signups.not_null_stg_md__tests_created_at.2fd39930b5)
[0m23:06:14.894867 [debug] [Thread-1 (]: Began running node test.online_teletherapy_signups.not_null_stg_md__tests_id.ead105ef3f
[0m23:06:14.895314 [debug] [Thread-2 (]: Began compiling node test.online_teletherapy_signups.not_null_stg_md__tests_completed.3fc6207ab4
[0m23:06:14.895678 [debug] [Thread-4 (]: Began executing node test.online_teletherapy_signups.not_null_stg_md__tests_channel.e45ccfc692
[0m23:06:14.895983 [debug] [Thread-3 (]: Began compiling node test.online_teletherapy_signups.not_null_stg_md__tests_created_at.2fd39930b5
[0m23:06:14.896347 [debug] [Thread-1 (]: Re-using an available connection from the pool (formerly test.online_teletherapy_signups.dbt_utils_expression_is_true_stg_md__tests_updated_at___created_at.e5ad9cb8be, now test.online_teletherapy_signups.not_null_stg_md__tests_id.ead105ef3f)
[0m23:06:14.901570 [debug] [Thread-2 (]: Writing injected SQL for node "test.online_teletherapy_signups.not_null_stg_md__tests_completed.3fc6207ab4"
[0m23:06:14.901942 [debug] [Thread-4 (]: Opening a new connection, currently in state closed
[0m23:06:14.905383 [debug] [Thread-3 (]: Writing injected SQL for node "test.online_teletherapy_signups.not_null_stg_md__tests_created_at.2fd39930b5"
[0m23:06:14.905741 [debug] [Thread-1 (]: Began compiling node test.online_teletherapy_signups.not_null_stg_md__tests_id.ead105ef3f
[0m23:06:14.907523 [debug] [Thread-4 (]: Finished running node test.online_teletherapy_signups.not_null_stg_md__tests_channel.e45ccfc692
[0m23:06:14.907874 [debug] [Thread-2 (]: Began executing node test.online_teletherapy_signups.not_null_stg_md__tests_completed.3fc6207ab4
[0m23:06:14.911504 [debug] [Thread-1 (]: Writing injected SQL for node "test.online_teletherapy_signups.not_null_stg_md__tests_id.ead105ef3f"
[0m23:06:14.911815 [debug] [Thread-3 (]: Began executing node test.online_teletherapy_signups.not_null_stg_md__tests_created_at.2fd39930b5
[0m23:06:14.912194 [debug] [Thread-4 (]: Began running node test.online_teletherapy_signups.not_null_stg_md__tests_ip_address.da791f0e10
[0m23:06:14.912604 [debug] [Thread-2 (]: Opening a new connection, currently in state closed
[0m23:06:14.913082 [debug] [Thread-3 (]: Opening a new connection, currently in state closed
[0m23:06:14.913490 [debug] [Thread-1 (]: Began executing node test.online_teletherapy_signups.not_null_stg_md__tests_id.ead105ef3f
[0m23:06:14.913817 [debug] [Thread-4 (]: Re-using an available connection from the pool (formerly test.online_teletherapy_signups.not_null_stg_md__tests_channel.e45ccfc692, now test.online_teletherapy_signups.not_null_stg_md__tests_ip_address.da791f0e10)
[0m23:06:14.915304 [debug] [Thread-2 (]: Finished running node test.online_teletherapy_signups.not_null_stg_md__tests_completed.3fc6207ab4
[0m23:06:14.916768 [debug] [Thread-3 (]: Finished running node test.online_teletherapy_signups.not_null_stg_md__tests_created_at.2fd39930b5
[0m23:06:14.917116 [debug] [Thread-1 (]: Opening a new connection, currently in state closed
[0m23:06:14.917446 [debug] [Thread-4 (]: Began compiling node test.online_teletherapy_signups.not_null_stg_md__tests_ip_address.da791f0e10
[0m23:06:14.917807 [debug] [Thread-2 (]: Began running node test.online_teletherapy_signups.not_null_stg_md__tests_site_id.f1c0551792
[0m23:06:14.918215 [debug] [Thread-3 (]: Began running node test.online_teletherapy_signups.not_null_stg_md__tests_test_taken.3496d6c3c1
[0m23:06:14.919781 [debug] [Thread-1 (]: Finished running node test.online_teletherapy_signups.not_null_stg_md__tests_id.ead105ef3f
[0m23:06:14.927285 [debug] [Thread-4 (]: Writing injected SQL for node "test.online_teletherapy_signups.not_null_stg_md__tests_ip_address.da791f0e10"
[0m23:06:14.928238 [debug] [Thread-2 (]: Re-using an available connection from the pool (formerly test.online_teletherapy_signups.not_null_stg_md__tests_completed.3fc6207ab4, now test.online_teletherapy_signups.not_null_stg_md__tests_site_id.f1c0551792)
[0m23:06:14.928983 [debug] [Thread-3 (]: Re-using an available connection from the pool (formerly test.online_teletherapy_signups.not_null_stg_md__tests_created_at.2fd39930b5, now test.online_teletherapy_signups.not_null_stg_md__tests_test_taken.3496d6c3c1)
[0m23:06:14.929677 [debug] [Thread-1 (]: Began running node test.online_teletherapy_signups.not_null_stg_md__tests_test_taken_id.ddacdac6a1
[0m23:06:14.930541 [debug] [Thread-2 (]: Began compiling node test.online_teletherapy_signups.not_null_stg_md__tests_site_id.f1c0551792
[0m23:06:14.931146 [debug] [Thread-3 (]: Began compiling node test.online_teletherapy_signups.not_null_stg_md__tests_test_taken.3496d6c3c1
[0m23:06:14.931791 [debug] [Thread-1 (]: Re-using an available connection from the pool (formerly test.online_teletherapy_signups.not_null_stg_md__tests_id.ead105ef3f, now test.online_teletherapy_signups.not_null_stg_md__tests_test_taken_id.ddacdac6a1)
[0m23:06:14.932363 [debug] [Thread-4 (]: Began executing node test.online_teletherapy_signups.not_null_stg_md__tests_ip_address.da791f0e10
[0m23:06:14.936604 [debug] [Thread-2 (]: Writing injected SQL for node "test.online_teletherapy_signups.not_null_stg_md__tests_site_id.f1c0551792"
[0m23:06:14.940764 [debug] [Thread-3 (]: Writing injected SQL for node "test.online_teletherapy_signups.not_null_stg_md__tests_test_taken.3496d6c3c1"
[0m23:06:14.941249 [debug] [Thread-1 (]: Began compiling node test.online_teletherapy_signups.not_null_stg_md__tests_test_taken_id.ddacdac6a1
[0m23:06:14.941886 [debug] [Thread-4 (]: Opening a new connection, currently in state closed
[0m23:06:14.946587 [debug] [Thread-1 (]: Writing injected SQL for node "test.online_teletherapy_signups.not_null_stg_md__tests_test_taken_id.ddacdac6a1"
[0m23:06:14.947007 [debug] [Thread-2 (]: Began executing node test.online_teletherapy_signups.not_null_stg_md__tests_site_id.f1c0551792
[0m23:06:14.947558 [debug] [Thread-3 (]: Began executing node test.online_teletherapy_signups.not_null_stg_md__tests_test_taken.3496d6c3c1
[0m23:06:14.949480 [debug] [Thread-4 (]: Finished running node test.online_teletherapy_signups.not_null_stg_md__tests_ip_address.da791f0e10
[0m23:06:14.949979 [debug] [Thread-2 (]: Opening a new connection, currently in state closed
[0m23:06:14.950439 [debug] [Thread-3 (]: Opening a new connection, currently in state closed
[0m23:06:14.950924 [debug] [Thread-1 (]: Began executing node test.online_teletherapy_signups.not_null_stg_md__tests_test_taken_id.ddacdac6a1
[0m23:06:14.951413 [debug] [Thread-4 (]: Began running node test.online_teletherapy_signups.not_null_stg_md__tests_updated_at.8f8ce7426b
[0m23:06:14.953669 [debug] [Thread-3 (]: Finished running node test.online_teletherapy_signups.not_null_stg_md__tests_test_taken.3496d6c3c1
[0m23:06:14.955659 [debug] [Thread-2 (]: Finished running node test.online_teletherapy_signups.not_null_stg_md__tests_site_id.f1c0551792
[0m23:06:14.956063 [debug] [Thread-1 (]: Opening a new connection, currently in state closed
[0m23:06:14.956510 [debug] [Thread-4 (]: Re-using an available connection from the pool (formerly test.online_teletherapy_signups.not_null_stg_md__tests_ip_address.da791f0e10, now test.online_teletherapy_signups.not_null_stg_md__tests_updated_at.8f8ce7426b)
[0m23:06:14.956967 [debug] [Thread-3 (]: Began running node test.online_teletherapy_signups.unique_stg_md__tests_id.cc0d7b8bc2
[0m23:06:14.957585 [debug] [Thread-2 (]: Began running node model.online_teletherapy_signups.int_visitors_resolved
[0m23:06:14.959557 [debug] [Thread-1 (]: Finished running node test.online_teletherapy_signups.not_null_stg_md__tests_test_taken_id.ddacdac6a1
[0m23:06:14.959878 [debug] [Thread-4 (]: Began compiling node test.online_teletherapy_signups.not_null_stg_md__tests_updated_at.8f8ce7426b
[0m23:06:14.960277 [debug] [Thread-3 (]: Re-using an available connection from the pool (formerly test.online_teletherapy_signups.not_null_stg_md__tests_test_taken.3496d6c3c1, now test.online_teletherapy_signups.unique_stg_md__tests_id.cc0d7b8bc2)
[0m23:06:14.960683 [debug] [Thread-2 (]: Re-using an available connection from the pool (formerly test.online_teletherapy_signups.not_null_stg_md__tests_site_id.f1c0551792, now model.online_teletherapy_signups.int_visitors_resolved)
[0m23:06:14.961092 [debug] [Thread-1 (]: Began running node test.online_teletherapy_signups.accepted_values_stg_md__visitors_device_type__mobile__wearable__console__smarttv__tablet.7b3d3ee25f
[0m23:06:14.967435 [debug] [Thread-4 (]: Writing injected SQL for node "test.online_teletherapy_signups.not_null_stg_md__tests_updated_at.8f8ce7426b"
[0m23:06:14.967961 [debug] [Thread-3 (]: Began compiling node test.online_teletherapy_signups.unique_stg_md__tests_id.cc0d7b8bc2
[0m23:06:14.968392 [debug] [Thread-2 (]: Began compiling node model.online_teletherapy_signups.int_visitors_resolved
[0m23:06:14.968835 [debug] [Thread-1 (]: Re-using an available connection from the pool (formerly test.online_teletherapy_signups.not_null_stg_md__tests_test_taken_id.ddacdac6a1, now test.online_teletherapy_signups.accepted_values_stg_md__visitors_device_type__mobile__wearable__console__smarttv__tablet.7b3d3ee25f)
[0m23:06:14.975799 [debug] [Thread-3 (]: Writing injected SQL for node "test.online_teletherapy_signups.unique_stg_md__tests_id.cc0d7b8bc2"
[0m23:06:14.981748 [debug] [Thread-4 (]: Began executing node test.online_teletherapy_signups.not_null_stg_md__tests_updated_at.8f8ce7426b
[0m23:06:14.980989 [debug] [Thread-2 (]: Writing injected SQL for node "model.online_teletherapy_signups.int_visitors_resolved"
[0m23:06:14.982514 [debug] [Thread-1 (]: Began compiling node test.online_teletherapy_signups.accepted_values_stg_md__visitors_device_type__mobile__wearable__console__smarttv__tablet.7b3d3ee25f
[0m23:06:14.983428 [debug] [Thread-4 (]: Opening a new connection, currently in state closed
[0m23:06:14.988575 [debug] [Thread-1 (]: Writing injected SQL for node "test.online_teletherapy_signups.accepted_values_stg_md__visitors_device_type__mobile__wearable__console__smarttv__tablet.7b3d3ee25f"
[0m23:06:14.989099 [debug] [Thread-3 (]: Began executing node test.online_teletherapy_signups.unique_stg_md__tests_id.cc0d7b8bc2
[0m23:06:14.990047 [debug] [Thread-2 (]: Began executing node model.online_teletherapy_signups.int_visitors_resolved
[0m23:06:14.992614 [debug] [Thread-4 (]: Finished running node test.online_teletherapy_signups.not_null_stg_md__tests_updated_at.8f8ce7426b
[0m23:06:14.993149 [debug] [Thread-3 (]: Opening a new connection, currently in state closed
[0m23:06:14.993786 [debug] [Thread-2 (]: Opening a new connection, currently in state closed
[0m23:06:14.994338 [debug] [Thread-4 (]: Began running node test.online_teletherapy_signups.dbt_utils_expression_is_true_stg_md__visitors_updated_at___created_at.02647eecd7
[0m23:06:14.994736 [debug] [Thread-1 (]: Began executing node test.online_teletherapy_signups.accepted_values_stg_md__visitors_device_type__mobile__wearable__console__smarttv__tablet.7b3d3ee25f
[0m23:06:14.996825 [debug] [Thread-2 (]: Finished running node model.online_teletherapy_signups.int_visitors_resolved
[0m23:06:14.998483 [debug] [Thread-3 (]: Finished running node test.online_teletherapy_signups.unique_stg_md__tests_id.cc0d7b8bc2
[0m23:06:14.998919 [debug] [Thread-4 (]: Re-using an available connection from the pool (formerly test.online_teletherapy_signups.not_null_stg_md__tests_updated_at.8f8ce7426b, now test.online_teletherapy_signups.dbt_utils_expression_is_true_stg_md__visitors_updated_at___created_at.02647eecd7)
[0m23:06:14.999393 [debug] [Thread-1 (]: Opening a new connection, currently in state closed
[0m23:06:14.999830 [debug] [Thread-2 (]: Began running node test.online_teletherapy_signups.not_null_stg_md__visitors_created_at.d3edd0a433
[0m23:06:15.000415 [debug] [Thread-3 (]: Began running node test.online_teletherapy_signups.not_null_stg_md__visitors_id.2772ef3539
[0m23:06:15.000884 [debug] [Thread-4 (]: Began compiling node test.online_teletherapy_signups.dbt_utils_expression_is_true_stg_md__visitors_updated_at___created_at.02647eecd7
[0m23:06:15.001477 [debug] [Thread-2 (]: Re-using an available connection from the pool (formerly model.online_teletherapy_signups.int_visitors_resolved, now test.online_teletherapy_signups.not_null_stg_md__visitors_created_at.d3edd0a433)
[0m23:06:15.003385 [debug] [Thread-1 (]: Finished running node test.online_teletherapy_signups.accepted_values_stg_md__visitors_device_type__mobile__wearable__console__smarttv__tablet.7b3d3ee25f
[0m23:06:15.003795 [debug] [Thread-3 (]: Re-using an available connection from the pool (formerly test.online_teletherapy_signups.unique_stg_md__tests_id.cc0d7b8bc2, now test.online_teletherapy_signups.not_null_stg_md__visitors_id.2772ef3539)
[0m23:06:15.008676 [debug] [Thread-4 (]: Writing injected SQL for node "test.online_teletherapy_signups.dbt_utils_expression_is_true_stg_md__visitors_updated_at___created_at.02647eecd7"
[0m23:06:15.009153 [debug] [Thread-2 (]: Began compiling node test.online_teletherapy_signups.not_null_stg_md__visitors_created_at.d3edd0a433
[0m23:06:15.009600 [debug] [Thread-1 (]: Began running node test.online_teletherapy_signups.not_null_stg_md__visitors_ip_address.cfa03621c4
[0m23:06:15.010056 [debug] [Thread-3 (]: Began compiling node test.online_teletherapy_signups.not_null_stg_md__visitors_id.2772ef3539
[0m23:06:15.014757 [debug] [Thread-2 (]: Writing injected SQL for node "test.online_teletherapy_signups.not_null_stg_md__visitors_created_at.d3edd0a433"
[0m23:06:15.015310 [debug] [Thread-1 (]: Re-using an available connection from the pool (formerly test.online_teletherapy_signups.accepted_values_stg_md__visitors_device_type__mobile__wearable__console__smarttv__tablet.7b3d3ee25f, now test.online_teletherapy_signups.not_null_stg_md__visitors_ip_address.cfa03621c4)
[0m23:06:15.020050 [debug] [Thread-3 (]: Writing injected SQL for node "test.online_teletherapy_signups.not_null_stg_md__visitors_id.2772ef3539"
[0m23:06:15.020621 [debug] [Thread-4 (]: Began executing node test.online_teletherapy_signups.dbt_utils_expression_is_true_stg_md__visitors_updated_at___created_at.02647eecd7
[0m23:06:15.021526 [debug] [Thread-1 (]: Began compiling node test.online_teletherapy_signups.not_null_stg_md__visitors_ip_address.cfa03621c4
[0m23:06:15.022424 [debug] [Thread-2 (]: Began executing node test.online_teletherapy_signups.not_null_stg_md__visitors_created_at.d3edd0a433
[0m23:06:15.023369 [debug] [Thread-4 (]: Opening a new connection, currently in state closed
[0m23:06:15.030010 [debug] [Thread-3 (]: Began executing node test.online_teletherapy_signups.not_null_stg_md__visitors_id.2772ef3539
[0m23:06:15.033732 [debug] [Thread-1 (]: Writing injected SQL for node "test.online_teletherapy_signups.not_null_stg_md__visitors_ip_address.cfa03621c4"
[0m23:06:15.034461 [debug] [Thread-2 (]: Opening a new connection, currently in state closed
[0m23:06:15.037188 [debug] [Thread-4 (]: Finished running node test.online_teletherapy_signups.dbt_utils_expression_is_true_stg_md__visitors_updated_at___created_at.02647eecd7
[0m23:06:15.037797 [debug] [Thread-3 (]: Opening a new connection, currently in state closed
[0m23:06:15.038580 [debug] [Thread-4 (]: Began running node test.online_teletherapy_signups.not_null_stg_md__visitors_mduid.62c761e0bf
[0m23:06:15.040937 [debug] [Thread-3 (]: Finished running node test.online_teletherapy_signups.not_null_stg_md__visitors_id.2772ef3539
[0m23:06:15.042789 [debug] [Thread-2 (]: Finished running node test.online_teletherapy_signups.not_null_stg_md__visitors_created_at.d3edd0a433
[0m23:06:15.043240 [debug] [Thread-1 (]: Began executing node test.online_teletherapy_signups.not_null_stg_md__visitors_ip_address.cfa03621c4
[0m23:06:15.043633 [debug] [Thread-4 (]: Re-using an available connection from the pool (formerly test.online_teletherapy_signups.dbt_utils_expression_is_true_stg_md__visitors_updated_at___created_at.02647eecd7, now test.online_teletherapy_signups.not_null_stg_md__visitors_mduid.62c761e0bf)
[0m23:06:15.044095 [debug] [Thread-3 (]: Began running node test.online_teletherapy_signups.not_null_stg_md__visitors_updated_at.7f65e2acc6
[0m23:06:15.044618 [debug] [Thread-2 (]: Began running node test.online_teletherapy_signups.not_null_stg_md__visitors_user_agent.ff4b9137a7
[0m23:06:15.045111 [debug] [Thread-1 (]: Opening a new connection, currently in state closed
[0m23:06:15.045530 [debug] [Thread-4 (]: Began compiling node test.online_teletherapy_signups.not_null_stg_md__visitors_mduid.62c761e0bf
[0m23:06:15.045964 [debug] [Thread-3 (]: Re-using an available connection from the pool (formerly test.online_teletherapy_signups.not_null_stg_md__visitors_id.2772ef3539, now test.online_teletherapy_signups.not_null_stg_md__visitors_updated_at.7f65e2acc6)
[0m23:06:15.046394 [debug] [Thread-2 (]: Re-using an available connection from the pool (formerly test.online_teletherapy_signups.not_null_stg_md__visitors_created_at.d3edd0a433, now test.online_teletherapy_signups.not_null_stg_md__visitors_user_agent.ff4b9137a7)
[0m23:06:15.048292 [debug] [Thread-1 (]: Finished running node test.online_teletherapy_signups.not_null_stg_md__visitors_ip_address.cfa03621c4
[0m23:06:15.055293 [debug] [Thread-4 (]: Writing injected SQL for node "test.online_teletherapy_signups.not_null_stg_md__visitors_mduid.62c761e0bf"
[0m23:06:15.055798 [debug] [Thread-3 (]: Began compiling node test.online_teletherapy_signups.not_null_stg_md__visitors_updated_at.7f65e2acc6
[0m23:06:15.056219 [debug] [Thread-2 (]: Began compiling node test.online_teletherapy_signups.not_null_stg_md__visitors_user_agent.ff4b9137a7
[0m23:06:15.056666 [debug] [Thread-1 (]: Began running node test.online_teletherapy_signups.unique_stg_md__visitors_id.74941dde3a
[0m23:06:15.061406 [debug] [Thread-3 (]: Writing injected SQL for node "test.online_teletherapy_signups.not_null_stg_md__visitors_updated_at.7f65e2acc6"
[0m23:06:15.066238 [debug] [Thread-2 (]: Writing injected SQL for node "test.online_teletherapy_signups.not_null_stg_md__visitors_user_agent.ff4b9137a7"
[0m23:06:15.066803 [debug] [Thread-1 (]: Re-using an available connection from the pool (formerly test.online_teletherapy_signups.not_null_stg_md__visitors_ip_address.cfa03621c4, now test.online_teletherapy_signups.unique_stg_md__visitors_id.74941dde3a)
[0m23:06:15.067211 [debug] [Thread-4 (]: Began executing node test.online_teletherapy_signups.not_null_stg_md__visitors_mduid.62c761e0bf
[0m23:06:15.067916 [debug] [Thread-1 (]: Began compiling node test.online_teletherapy_signups.unique_stg_md__visitors_id.74941dde3a
[0m23:06:15.068482 [debug] [Thread-4 (]: Opening a new connection, currently in state closed
[0m23:06:15.068921 [debug] [Thread-3 (]: Began executing node test.online_teletherapy_signups.not_null_stg_md__visitors_updated_at.7f65e2acc6
[0m23:06:15.075910 [debug] [Thread-2 (]: Began executing node test.online_teletherapy_signups.not_null_stg_md__visitors_user_agent.ff4b9137a7
[0m23:06:15.077123 [debug] [Thread-1 (]: Writing injected SQL for node "test.online_teletherapy_signups.unique_stg_md__visitors_id.74941dde3a"
[0m23:06:15.078117 [debug] [Thread-3 (]: Opening a new connection, currently in state closed
[0m23:06:15.082908 [debug] [Thread-4 (]: Finished running node test.online_teletherapy_signups.not_null_stg_md__visitors_mduid.62c761e0bf
[0m23:06:15.083706 [debug] [Thread-2 (]: Opening a new connection, currently in state closed
[0m23:06:15.085995 [debug] [Thread-3 (]: Finished running node test.online_teletherapy_signups.not_null_stg_md__visitors_updated_at.7f65e2acc6
[0m23:06:15.086551 [debug] [Thread-4 (]: Began running node test.online_teletherapy_signups.unique_stg_md__visitors_mduid.71538a0e22
[0m23:06:15.087005 [debug] [Thread-1 (]: Began executing node test.online_teletherapy_signups.unique_stg_md__visitors_id.74941dde3a
[0m23:06:15.089231 [debug] [Thread-2 (]: Finished running node test.online_teletherapy_signups.not_null_stg_md__visitors_user_agent.ff4b9137a7
[0m23:06:15.089701 [debug] [Thread-3 (]: Began running node test.online_teletherapy_signups.accepted_values_stg_bh__goals_goal_name__User_Signup__Trial_Converted.684e254115
[0m23:06:15.090233 [debug] [Thread-4 (]: Re-using an available connection from the pool (formerly test.online_teletherapy_signups.not_null_stg_md__visitors_mduid.62c761e0bf, now test.online_teletherapy_signups.unique_stg_md__visitors_mduid.71538a0e22)
[0m23:06:15.090704 [debug] [Thread-1 (]: Opening a new connection, currently in state closed
[0m23:06:15.091274 [debug] [Thread-2 (]: Began running node test.online_teletherapy_signups.accepted_values_stg_bh__goals_stat_affiliate_info1__fm__md__pm__rd.ca82a8c5f5
[0m23:06:15.091791 [debug] [Thread-3 (]: Re-using an available connection from the pool (formerly test.online_teletherapy_signups.not_null_stg_md__visitors_updated_at.7f65e2acc6, now test.online_teletherapy_signups.accepted_values_stg_bh__goals_goal_name__User_Signup__Trial_Converted.684e254115)
[0m23:06:15.092231 [debug] [Thread-4 (]: Began compiling node test.online_teletherapy_signups.unique_stg_md__visitors_mduid.71538a0e22
[0m23:06:15.094137 [debug] [Thread-1 (]: Finished running node test.online_teletherapy_signups.unique_stg_md__visitors_id.74941dde3a
[0m23:06:15.094602 [debug] [Thread-2 (]: Re-using an available connection from the pool (formerly test.online_teletherapy_signups.not_null_stg_md__visitors_user_agent.ff4b9137a7, now test.online_teletherapy_signups.accepted_values_stg_bh__goals_stat_affiliate_info1__fm__md__pm__rd.ca82a8c5f5)
[0m23:06:15.095045 [debug] [Thread-3 (]: Began compiling node test.online_teletherapy_signups.accepted_values_stg_bh__goals_goal_name__User_Signup__Trial_Converted.684e254115
[0m23:06:15.099682 [debug] [Thread-4 (]: Writing injected SQL for node "test.online_teletherapy_signups.unique_stg_md__visitors_mduid.71538a0e22"
[0m23:06:15.100222 [debug] [Thread-1 (]: Began running node test.online_teletherapy_signups.accepted_values_stg_bh__goals_stat_affiliate_info2__email__mobile_app__mobile_web__desktop_web.373abaccf0
[0m23:06:15.100837 [debug] [Thread-2 (]: Began compiling node test.online_teletherapy_signups.accepted_values_stg_bh__goals_stat_affiliate_info1__fm__md__pm__rd.ca82a8c5f5
[0m23:06:15.106838 [debug] [Thread-3 (]: Writing injected SQL for node "test.online_teletherapy_signups.accepted_values_stg_bh__goals_goal_name__User_Signup__Trial_Converted.684e254115"
[0m23:06:15.107798 [debug] [Thread-1 (]: Re-using an available connection from the pool (formerly test.online_teletherapy_signups.unique_stg_md__visitors_id.74941dde3a, now test.online_teletherapy_signups.accepted_values_stg_bh__goals_stat_affiliate_info2__email__mobile_app__mobile_web__desktop_web.373abaccf0)
[0m23:06:15.113054 [debug] [Thread-2 (]: Writing injected SQL for node "test.online_teletherapy_signups.accepted_values_stg_bh__goals_stat_affiliate_info1__fm__md__pm__rd.ca82a8c5f5"
[0m23:06:15.113990 [debug] [Thread-4 (]: Began executing node test.online_teletherapy_signups.unique_stg_md__visitors_mduid.71538a0e22
[0m23:06:15.114412 [debug] [Thread-1 (]: Began compiling node test.online_teletherapy_signups.accepted_values_stg_bh__goals_stat_affiliate_info2__email__mobile_app__mobile_web__desktop_web.373abaccf0
[0m23:06:15.115102 [debug] [Thread-4 (]: Opening a new connection, currently in state closed
[0m23:06:15.115693 [debug] [Thread-2 (]: Began executing node test.online_teletherapy_signups.accepted_values_stg_bh__goals_stat_affiliate_info1__fm__md__pm__rd.ca82a8c5f5
[0m23:06:15.116085 [debug] [Thread-3 (]: Began executing node test.online_teletherapy_signups.accepted_values_stg_bh__goals_goal_name__User_Signup__Trial_Converted.684e254115
[0m23:06:15.121939 [debug] [Thread-1 (]: Writing injected SQL for node "test.online_teletherapy_signups.accepted_values_stg_bh__goals_stat_affiliate_info2__email__mobile_app__mobile_web__desktop_web.373abaccf0"
[0m23:06:15.123003 [debug] [Thread-2 (]: Opening a new connection, currently in state closed
[0m23:06:15.129803 [debug] [Thread-4 (]: Finished running node test.online_teletherapy_signups.unique_stg_md__visitors_mduid.71538a0e22
[0m23:06:15.130751 [debug] [Thread-3 (]: Opening a new connection, currently in state closed
[0m23:06:15.132340 [debug] [Thread-4 (]: Began running node test.online_teletherapy_signups.not_null_stg_bh__goals_conversion_at_est.01b753f48c
[0m23:06:15.134942 [debug] [Thread-2 (]: Finished running node test.online_teletherapy_signups.accepted_values_stg_bh__goals_stat_affiliate_info1__fm__md__pm__rd.ca82a8c5f5
[0m23:06:15.135473 [debug] [Thread-1 (]: Began executing node test.online_teletherapy_signups.accepted_values_stg_bh__goals_stat_affiliate_info2__email__mobile_app__mobile_web__desktop_web.373abaccf0
[0m23:06:15.137617 [debug] [Thread-3 (]: Finished running node test.online_teletherapy_signups.accepted_values_stg_bh__goals_goal_name__User_Signup__Trial_Converted.684e254115
[0m23:06:15.138276 [debug] [Thread-4 (]: Re-using an available connection from the pool (formerly test.online_teletherapy_signups.unique_stg_md__visitors_mduid.71538a0e22, now test.online_teletherapy_signups.not_null_stg_bh__goals_conversion_at_est.01b753f48c)
[0m23:06:15.138952 [debug] [Thread-2 (]: Began running node test.online_teletherapy_signups.not_null_stg_bh__goals_conversion_at_utc.e5d214c9b0
[0m23:06:15.139541 [debug] [Thread-1 (]: Opening a new connection, currently in state closed
[0m23:06:15.140005 [debug] [Thread-3 (]: Began running node test.online_teletherapy_signups.not_null_stg_bh__goals_goal_id.a26eb288e8
[0m23:06:15.140494 [debug] [Thread-4 (]: Began compiling node test.online_teletherapy_signups.not_null_stg_bh__goals_conversion_at_est.01b753f48c
[0m23:06:15.140967 [debug] [Thread-2 (]: Re-using an available connection from the pool (formerly test.online_teletherapy_signups.accepted_values_stg_bh__goals_stat_affiliate_info1__fm__md__pm__rd.ca82a8c5f5, now test.online_teletherapy_signups.not_null_stg_bh__goals_conversion_at_utc.e5d214c9b0)
[0m23:06:15.143039 [debug] [Thread-1 (]: Finished running node test.online_teletherapy_signups.accepted_values_stg_bh__goals_stat_affiliate_info2__email__mobile_app__mobile_web__desktop_web.373abaccf0
[0m23:06:15.143474 [debug] [Thread-3 (]: Re-using an available connection from the pool (formerly test.online_teletherapy_signups.accepted_values_stg_bh__goals_goal_name__User_Signup__Trial_Converted.684e254115, now test.online_teletherapy_signups.not_null_stg_bh__goals_goal_id.a26eb288e8)
[0m23:06:15.148461 [debug] [Thread-4 (]: Writing injected SQL for node "test.online_teletherapy_signups.not_null_stg_bh__goals_conversion_at_est.01b753f48c"
[0m23:06:15.148959 [debug] [Thread-2 (]: Began compiling node test.online_teletherapy_signups.not_null_stg_bh__goals_conversion_at_utc.e5d214c9b0
[0m23:06:15.149430 [debug] [Thread-1 (]: Began running node test.online_teletherapy_signups.not_null_stg_bh__goals_goal_name.ea76e9bc30
[0m23:06:15.149914 [debug] [Thread-3 (]: Began compiling node test.online_teletherapy_signups.not_null_stg_bh__goals_goal_id.a26eb288e8
[0m23:06:15.154510 [debug] [Thread-2 (]: Writing injected SQL for node "test.online_teletherapy_signups.not_null_stg_bh__goals_conversion_at_utc.e5d214c9b0"
[0m23:06:15.155019 [debug] [Thread-1 (]: Re-using an available connection from the pool (formerly test.online_teletherapy_signups.accepted_values_stg_bh__goals_stat_affiliate_info2__email__mobile_app__mobile_web__desktop_web.373abaccf0, now test.online_teletherapy_signups.not_null_stg_bh__goals_goal_name.ea76e9bc30)
[0m23:06:15.159629 [debug] [Thread-3 (]: Writing injected SQL for node "test.online_teletherapy_signups.not_null_stg_bh__goals_goal_id.a26eb288e8"
[0m23:06:15.160061 [debug] [Thread-4 (]: Began executing node test.online_teletherapy_signups.not_null_stg_bh__goals_conversion_at_est.01b753f48c
[0m23:06:15.160626 [debug] [Thread-1 (]: Began compiling node test.online_teletherapy_signups.not_null_stg_bh__goals_goal_name.ea76e9bc30
[0m23:06:15.161316 [debug] [Thread-4 (]: Opening a new connection, currently in state closed
[0m23:06:15.161718 [debug] [Thread-2 (]: Began executing node test.online_teletherapy_signups.not_null_stg_bh__goals_conversion_at_utc.e5d214c9b0
[0m23:06:15.166557 [debug] [Thread-1 (]: Writing injected SQL for node "test.online_teletherapy_signups.not_null_stg_bh__goals_goal_name.ea76e9bc30"
[0m23:06:15.167057 [debug] [Thread-3 (]: Began executing node test.online_teletherapy_signups.not_null_stg_bh__goals_goal_id.a26eb288e8
[0m23:06:15.167704 [debug] [Thread-2 (]: Opening a new connection, currently in state closed
[0m23:06:15.169700 [debug] [Thread-4 (]: Finished running node test.online_teletherapy_signups.not_null_stg_bh__goals_conversion_at_est.01b753f48c
[0m23:06:15.170365 [debug] [Thread-3 (]: Opening a new connection, currently in state closed
[0m23:06:15.171348 [debug] [Thread-1 (]: Began executing node test.online_teletherapy_signups.not_null_stg_bh__goals_goal_name.ea76e9bc30
[0m23:06:15.172052 [debug] [Thread-4 (]: Began running node test.online_teletherapy_signups.not_null_stg_bh__goals_stat_ad_id.51f3487f63
[0m23:06:15.176224 [debug] [Thread-2 (]: Finished running node test.online_teletherapy_signups.not_null_stg_bh__goals_conversion_at_utc.e5d214c9b0
[0m23:06:15.177413 [debug] [Thread-1 (]: Opening a new connection, currently in state closed
[0m23:06:15.180818 [debug] [Thread-3 (]: Finished running node test.online_teletherapy_signups.not_null_stg_bh__goals_goal_id.a26eb288e8
[0m23:06:15.181710 [debug] [Thread-4 (]: Re-using an available connection from the pool (formerly test.online_teletherapy_signups.not_null_stg_bh__goals_conversion_at_est.01b753f48c, now test.online_teletherapy_signups.not_null_stg_bh__goals_stat_ad_id.51f3487f63)
[0m23:06:15.182588 [debug] [Thread-2 (]: Began running node test.online_teletherapy_signups.not_null_stg_bh__goals_stat_affiliate_info1.bd45898155
[0m23:06:15.183589 [debug] [Thread-3 (]: Began running node test.online_teletherapy_signups.not_null_stg_bh__goals_stat_affiliate_info2.013b751562
[0m23:06:15.185784 [debug] [Thread-1 (]: Finished running node test.online_teletherapy_signups.not_null_stg_bh__goals_goal_name.ea76e9bc30
[0m23:06:15.186309 [debug] [Thread-4 (]: Began compiling node test.online_teletherapy_signups.not_null_stg_bh__goals_stat_ad_id.51f3487f63
[0m23:06:15.186785 [debug] [Thread-2 (]: Re-using an available connection from the pool (formerly test.online_teletherapy_signups.not_null_stg_bh__goals_conversion_at_utc.e5d214c9b0, now test.online_teletherapy_signups.not_null_stg_bh__goals_stat_affiliate_info1.bd45898155)
[0m23:06:15.187232 [debug] [Thread-3 (]: Re-using an available connection from the pool (formerly test.online_teletherapy_signups.not_null_stg_bh__goals_goal_id.a26eb288e8, now test.online_teletherapy_signups.not_null_stg_bh__goals_stat_affiliate_info2.013b751562)
[0m23:06:15.187694 [debug] [Thread-1 (]: Began running node test.online_teletherapy_signups.unique_stg_bh__goals_goal_id.6b3f098cb7
[0m23:06:15.192377 [debug] [Thread-4 (]: Writing injected SQL for node "test.online_teletherapy_signups.not_null_stg_bh__goals_stat_ad_id.51f3487f63"
[0m23:06:15.192869 [debug] [Thread-2 (]: Began compiling node test.online_teletherapy_signups.not_null_stg_bh__goals_stat_affiliate_info1.bd45898155
[0m23:06:15.193292 [debug] [Thread-3 (]: Began compiling node test.online_teletherapy_signups.not_null_stg_bh__goals_stat_affiliate_info2.013b751562
[0m23:06:15.193743 [debug] [Thread-1 (]: Re-using an available connection from the pool (formerly test.online_teletherapy_signups.not_null_stg_bh__goals_goal_name.ea76e9bc30, now test.online_teletherapy_signups.unique_stg_bh__goals_goal_id.6b3f098cb7)
[0m23:06:15.198525 [debug] [Thread-2 (]: Writing injected SQL for node "test.online_teletherapy_signups.not_null_stg_bh__goals_stat_affiliate_info1.bd45898155"
[0m23:06:15.203165 [debug] [Thread-3 (]: Writing injected SQL for node "test.online_teletherapy_signups.not_null_stg_bh__goals_stat_affiliate_info2.013b751562"
[0m23:06:15.203684 [debug] [Thread-1 (]: Began compiling node test.online_teletherapy_signups.unique_stg_bh__goals_goal_id.6b3f098cb7
[0m23:06:15.204061 [debug] [Thread-4 (]: Began executing node test.online_teletherapy_signups.not_null_stg_bh__goals_stat_ad_id.51f3487f63
[0m23:06:15.211243 [debug] [Thread-1 (]: Writing injected SQL for node "test.online_teletherapy_signups.unique_stg_bh__goals_goal_id.6b3f098cb7"
[0m23:06:15.211680 [debug] [Thread-2 (]: Began executing node test.online_teletherapy_signups.not_null_stg_bh__goals_stat_affiliate_info1.bd45898155
[0m23:06:15.212085 [debug] [Thread-3 (]: Began executing node test.online_teletherapy_signups.not_null_stg_bh__goals_stat_affiliate_info2.013b751562
[0m23:06:15.212560 [debug] [Thread-4 (]: Opening a new connection, currently in state closed
[0m23:06:15.213148 [debug] [Thread-2 (]: Opening a new connection, currently in state closed
[0m23:06:15.213899 [debug] [Thread-3 (]: Opening a new connection, currently in state closed
[0m23:06:15.214459 [debug] [Thread-1 (]: Began executing node test.online_teletherapy_signups.unique_stg_bh__goals_goal_id.6b3f098cb7
[0m23:06:15.216509 [debug] [Thread-4 (]: Finished running node test.online_teletherapy_signups.not_null_stg_bh__goals_stat_ad_id.51f3487f63
[0m23:06:15.218495 [debug] [Thread-2 (]: Finished running node test.online_teletherapy_signups.not_null_stg_bh__goals_stat_affiliate_info1.bd45898155
[0m23:06:15.220102 [debug] [Thread-1 (]: Opening a new connection, currently in state closed
[0m23:06:15.222094 [debug] [Thread-3 (]: Finished running node test.online_teletherapy_signups.not_null_stg_bh__goals_stat_affiliate_info2.013b751562
[0m23:06:15.223162 [debug] [Thread-4 (]: Began running node model.online_teletherapy_signups.dim_visitors
[0m23:06:15.228189 [debug] [Thread-1 (]: Finished running node test.online_teletherapy_signups.unique_stg_bh__goals_goal_id.6b3f098cb7
[0m23:06:15.229079 [debug] [Thread-4 (]: Re-using an available connection from the pool (formerly test.online_teletherapy_signups.not_null_stg_bh__goals_stat_ad_id.51f3487f63, now model.online_teletherapy_signups.dim_visitors)
[0m23:06:15.230256 [debug] [Thread-4 (]: Began compiling node model.online_teletherapy_signups.dim_visitors
[0m23:06:15.238431 [debug] [Thread-4 (]: Writing injected SQL for node "model.online_teletherapy_signups.dim_visitors"
[0m23:06:15.239410 [debug] [Thread-4 (]: Began executing node model.online_teletherapy_signups.dim_visitors
[0m23:06:15.239945 [debug] [Thread-4 (]: Opening a new connection, currently in state closed
[0m23:06:15.242301 [debug] [Thread-4 (]: Finished running node model.online_teletherapy_signups.dim_visitors
[0m23:06:15.243253 [debug] [Thread-2 (]: Began running node model.online_teletherapy_signups.fact_conversions
[0m23:06:15.243671 [debug] [Thread-3 (]: Began running node model.online_teletherapy_signups.fact_tests
[0m23:06:15.244142 [debug] [Thread-1 (]: Began running node test.online_teletherapy_signups.not_null_dim_visitors_first_seen_at_utc.6b1d99fa25
[0m23:06:15.244581 [debug] [Thread-4 (]: Began running node test.online_teletherapy_signups.not_null_dim_visitors_last_seen_at_utc.e4b1424172
[0m23:06:15.245012 [debug] [Thread-2 (]: Re-using an available connection from the pool (formerly test.online_teletherapy_signups.not_null_stg_bh__goals_stat_affiliate_info1.bd45898155, now model.online_teletherapy_signups.fact_conversions)
[0m23:06:15.245498 [debug] [Thread-3 (]: Re-using an available connection from the pool (formerly test.online_teletherapy_signups.not_null_stg_bh__goals_stat_affiliate_info2.013b751562, now model.online_teletherapy_signups.fact_tests)
[0m23:06:15.245995 [debug] [Thread-1 (]: Re-using an available connection from the pool (formerly test.online_teletherapy_signups.unique_stg_bh__goals_goal_id.6b3f098cb7, now test.online_teletherapy_signups.not_null_dim_visitors_first_seen_at_utc.6b1d99fa25)
[0m23:06:15.246517 [debug] [Thread-4 (]: Re-using an available connection from the pool (formerly model.online_teletherapy_signups.dim_visitors, now test.online_teletherapy_signups.not_null_dim_visitors_last_seen_at_utc.e4b1424172)
[0m23:06:15.246981 [debug] [Thread-2 (]: Began compiling node model.online_teletherapy_signups.fact_conversions
[0m23:06:15.247421 [debug] [Thread-3 (]: Began compiling node model.online_teletherapy_signups.fact_tests
[0m23:06:15.247867 [debug] [Thread-1 (]: Began compiling node test.online_teletherapy_signups.not_null_dim_visitors_first_seen_at_utc.6b1d99fa25
[0m23:06:15.248302 [debug] [Thread-4 (]: Began compiling node test.online_teletherapy_signups.not_null_dim_visitors_last_seen_at_utc.e4b1424172
[0m23:06:15.254088 [debug] [Thread-2 (]: Writing injected SQL for node "model.online_teletherapy_signups.fact_conversions"
[0m23:06:15.258020 [debug] [Thread-3 (]: Writing injected SQL for node "model.online_teletherapy_signups.fact_tests"
[0m23:06:15.263011 [debug] [Thread-1 (]: Writing injected SQL for node "test.online_teletherapy_signups.not_null_dim_visitors_first_seen_at_utc.6b1d99fa25"
[0m23:06:15.267678 [debug] [Thread-4 (]: Writing injected SQL for node "test.online_teletherapy_signups.not_null_dim_visitors_last_seen_at_utc.e4b1424172"
[0m23:06:15.268703 [debug] [Thread-2 (]: Began executing node model.online_teletherapy_signups.fact_conversions
[0m23:06:15.269257 [debug] [Thread-3 (]: Began executing node model.online_teletherapy_signups.fact_tests
[0m23:06:15.269805 [debug] [Thread-2 (]: Opening a new connection, currently in state closed
[0m23:06:15.270352 [debug] [Thread-1 (]: Began executing node test.online_teletherapy_signups.not_null_dim_visitors_first_seen_at_utc.6b1d99fa25
[0m23:06:15.270905 [debug] [Thread-4 (]: Began executing node test.online_teletherapy_signups.not_null_dim_visitors_last_seen_at_utc.e4b1424172
[0m23:06:15.271513 [debug] [Thread-3 (]: Opening a new connection, currently in state closed
[0m23:06:15.272422 [debug] [Thread-1 (]: Opening a new connection, currently in state closed
[0m23:06:15.275641 [debug] [Thread-2 (]: Finished running node model.online_teletherapy_signups.fact_conversions
[0m23:06:15.276379 [debug] [Thread-4 (]: Opening a new connection, currently in state closed
[0m23:06:15.281287 [debug] [Thread-1 (]: Finished running node test.online_teletherapy_signups.not_null_dim_visitors_first_seen_at_utc.6b1d99fa25
[0m23:06:15.282724 [debug] [Thread-3 (]: Finished running node model.online_teletherapy_signups.fact_tests
[0m23:06:15.283378 [debug] [Thread-2 (]: Began running node test.online_teletherapy_signups.not_null_dim_visitors_mduid.15f4799058
[0m23:06:15.284438 [debug] [Thread-1 (]: Began running node test.online_teletherapy_signups.not_null_dim_visitors_visitor_key.04946faa3b
[0m23:06:15.284957 [debug] [Thread-3 (]: Began running node test.online_teletherapy_signups.unique_dim_visitors_mduid.5b4a206134
[0m23:06:15.286833 [debug] [Thread-4 (]: Finished running node test.online_teletherapy_signups.not_null_dim_visitors_last_seen_at_utc.e4b1424172
[0m23:06:15.287579 [debug] [Thread-2 (]: Re-using an available connection from the pool (formerly model.online_teletherapy_signups.fact_conversions, now test.online_teletherapy_signups.not_null_dim_visitors_mduid.15f4799058)
[0m23:06:15.288056 [debug] [Thread-1 (]: Re-using an available connection from the pool (formerly test.online_teletherapy_signups.not_null_dim_visitors_first_seen_at_utc.6b1d99fa25, now test.online_teletherapy_signups.not_null_dim_visitors_visitor_key.04946faa3b)
[0m23:06:15.288493 [debug] [Thread-3 (]: Re-using an available connection from the pool (formerly model.online_teletherapy_signups.fact_tests, now test.online_teletherapy_signups.unique_dim_visitors_mduid.5b4a206134)
[0m23:06:15.288950 [debug] [Thread-4 (]: Began running node test.online_teletherapy_signups.unique_dim_visitors_visitor_key.210f9dfc23
[0m23:06:15.289473 [debug] [Thread-2 (]: Began compiling node test.online_teletherapy_signups.not_null_dim_visitors_mduid.15f4799058
[0m23:06:15.289907 [debug] [Thread-1 (]: Began compiling node test.online_teletherapy_signups.not_null_dim_visitors_visitor_key.04946faa3b
[0m23:06:15.290311 [debug] [Thread-3 (]: Began compiling node test.online_teletherapy_signups.unique_dim_visitors_mduid.5b4a206134
[0m23:06:15.290759 [debug] [Thread-4 (]: Re-using an available connection from the pool (formerly test.online_teletherapy_signups.not_null_dim_visitors_last_seen_at_utc.e4b1424172, now test.online_teletherapy_signups.unique_dim_visitors_visitor_key.210f9dfc23)
[0m23:06:15.295393 [debug] [Thread-2 (]: Writing injected SQL for node "test.online_teletherapy_signups.not_null_dim_visitors_mduid.15f4799058"
[0m23:06:15.302251 [debug] [Thread-1 (]: Writing injected SQL for node "test.online_teletherapy_signups.not_null_dim_visitors_visitor_key.04946faa3b"
[0m23:06:15.306895 [debug] [Thread-3 (]: Writing injected SQL for node "test.online_teletherapy_signups.unique_dim_visitors_mduid.5b4a206134"
[0m23:06:15.307388 [debug] [Thread-4 (]: Began compiling node test.online_teletherapy_signups.unique_dim_visitors_visitor_key.210f9dfc23
[0m23:06:15.312565 [debug] [Thread-4 (]: Writing injected SQL for node "test.online_teletherapy_signups.unique_dim_visitors_visitor_key.210f9dfc23"
[0m23:06:15.313068 [debug] [Thread-2 (]: Began executing node test.online_teletherapy_signups.not_null_dim_visitors_mduid.15f4799058
[0m23:06:15.313667 [debug] [Thread-1 (]: Began executing node test.online_teletherapy_signups.not_null_dim_visitors_visitor_key.04946faa3b
[0m23:06:15.314081 [debug] [Thread-3 (]: Began executing node test.online_teletherapy_signups.unique_dim_visitors_mduid.5b4a206134
[0m23:06:15.314561 [debug] [Thread-2 (]: Opening a new connection, currently in state closed
[0m23:06:15.315062 [debug] [Thread-1 (]: Opening a new connection, currently in state closed
[0m23:06:15.315471 [debug] [Thread-4 (]: Began executing node test.online_teletherapy_signups.unique_dim_visitors_visitor_key.210f9dfc23
[0m23:06:15.315937 [debug] [Thread-3 (]: Opening a new connection, currently in state closed
[0m23:06:15.318144 [debug] [Thread-2 (]: Finished running node test.online_teletherapy_signups.not_null_dim_visitors_mduid.15f4799058
[0m23:06:15.319983 [debug] [Thread-1 (]: Finished running node test.online_teletherapy_signups.not_null_dim_visitors_visitor_key.04946faa3b
[0m23:06:15.320574 [debug] [Thread-4 (]: Opening a new connection, currently in state closed
[0m23:06:15.321557 [debug] [Thread-2 (]: Began running node test.online_teletherapy_signups.accepted_values_fact_conversions_goal_name__User_Signup__Trial_Converted.0ee4024780
[0m23:06:15.324609 [debug] [Thread-3 (]: Finished running node test.online_teletherapy_signups.unique_dim_visitors_mduid.5b4a206134
[0m23:06:15.325421 [debug] [Thread-1 (]: Began running node test.online_teletherapy_signups.not_null_fact_conversions_conversion_at_utc.9c20e8739c
[0m23:06:15.326405 [debug] [Thread-2 (]: Re-using an available connection from the pool (formerly test.online_teletherapy_signups.not_null_dim_visitors_mduid.15f4799058, now test.online_teletherapy_signups.accepted_values_fact_conversions_goal_name__User_Signup__Trial_Converted.0ee4024780)
[0m23:06:15.329414 [debug] [Thread-4 (]: Finished running node test.online_teletherapy_signups.unique_dim_visitors_visitor_key.210f9dfc23
[0m23:06:15.330174 [debug] [Thread-3 (]: Began running node test.online_teletherapy_signups.not_null_fact_conversions_conversion_key.783a75e7a8
[0m23:06:15.331077 [debug] [Thread-1 (]: Re-using an available connection from the pool (formerly test.online_teletherapy_signups.not_null_dim_visitors_visitor_key.04946faa3b, now test.online_teletherapy_signups.not_null_fact_conversions_conversion_at_utc.9c20e8739c)
[0m23:06:15.331815 [debug] [Thread-2 (]: Began compiling node test.online_teletherapy_signups.accepted_values_fact_conversions_goal_name__User_Signup__Trial_Converted.0ee4024780
[0m23:06:15.332579 [debug] [Thread-4 (]: Began running node test.online_teletherapy_signups.not_null_fact_conversions_goal_name.a1cda6f545
[0m23:06:15.333587 [debug] [Thread-3 (]: Re-using an available connection from the pool (formerly test.online_teletherapy_signups.unique_dim_visitors_mduid.5b4a206134, now test.online_teletherapy_signups.not_null_fact_conversions_conversion_key.783a75e7a8)
[0m23:06:15.334118 [debug] [Thread-1 (]: Began compiling node test.online_teletherapy_signups.not_null_fact_conversions_conversion_at_utc.9c20e8739c
[0m23:06:15.340129 [debug] [Thread-2 (]: Writing injected SQL for node "test.online_teletherapy_signups.accepted_values_fact_conversions_goal_name__User_Signup__Trial_Converted.0ee4024780"
[0m23:06:15.340716 [debug] [Thread-4 (]: Re-using an available connection from the pool (formerly test.online_teletherapy_signups.unique_dim_visitors_visitor_key.210f9dfc23, now test.online_teletherapy_signups.not_null_fact_conversions_goal_name.a1cda6f545)
[0m23:06:15.341178 [debug] [Thread-3 (]: Began compiling node test.online_teletherapy_signups.not_null_fact_conversions_conversion_key.783a75e7a8
[0m23:06:15.345720 [debug] [Thread-1 (]: Writing injected SQL for node "test.online_teletherapy_signups.not_null_fact_conversions_conversion_at_utc.9c20e8739c"
[0m23:06:15.346340 [debug] [Thread-4 (]: Began compiling node test.online_teletherapy_signups.not_null_fact_conversions_goal_name.a1cda6f545
[0m23:06:15.351099 [debug] [Thread-3 (]: Writing injected SQL for node "test.online_teletherapy_signups.not_null_fact_conversions_conversion_key.783a75e7a8"
[0m23:06:15.356192 [debug] [Thread-4 (]: Writing injected SQL for node "test.online_teletherapy_signups.not_null_fact_conversions_goal_name.a1cda6f545"
[0m23:06:15.356760 [debug] [Thread-2 (]: Began executing node test.online_teletherapy_signups.accepted_values_fact_conversions_goal_name__User_Signup__Trial_Converted.0ee4024780
[0m23:06:15.357539 [debug] [Thread-1 (]: Began executing node test.online_teletherapy_signups.not_null_fact_conversions_conversion_at_utc.9c20e8739c
[0m23:06:15.358164 [debug] [Thread-3 (]: Began executing node test.online_teletherapy_signups.not_null_fact_conversions_conversion_key.783a75e7a8
[0m23:06:15.358663 [debug] [Thread-2 (]: Opening a new connection, currently in state closed
[0m23:06:15.359120 [debug] [Thread-1 (]: Opening a new connection, currently in state closed
[0m23:06:15.359480 [debug] [Thread-4 (]: Began executing node test.online_teletherapy_signups.not_null_fact_conversions_goal_name.a1cda6f545
[0m23:06:15.359895 [debug] [Thread-3 (]: Opening a new connection, currently in state closed
[0m23:06:15.361838 [debug] [Thread-2 (]: Finished running node test.online_teletherapy_signups.accepted_values_fact_conversions_goal_name__User_Signup__Trial_Converted.0ee4024780
[0m23:06:15.363680 [debug] [Thread-1 (]: Finished running node test.online_teletherapy_signups.not_null_fact_conversions_conversion_at_utc.9c20e8739c
[0m23:06:15.364108 [debug] [Thread-4 (]: Opening a new connection, currently in state closed
[0m23:06:15.366287 [debug] [Thread-3 (]: Finished running node test.online_teletherapy_signups.not_null_fact_conversions_conversion_key.783a75e7a8
[0m23:06:15.366773 [debug] [Thread-2 (]: Began running node test.online_teletherapy_signups.relationships_fact_conversions_visitor_key__visitor_key__ref_dim_visitors_.5cf7faceee
[0m23:06:15.367227 [debug] [Thread-1 (]: Began running node test.online_teletherapy_signups.unique_fact_conversions_conversion_key.699c429fad
[0m23:06:15.367882 [debug] [Thread-3 (]: Began running node model.online_teletherapy_signups.mart_visitor_traffic_type
[0m23:06:15.369872 [debug] [Thread-4 (]: Finished running node test.online_teletherapy_signups.not_null_fact_conversions_goal_name.a1cda6f545
[0m23:06:15.370506 [debug] [Thread-2 (]: Re-using an available connection from the pool (formerly test.online_teletherapy_signups.accepted_values_fact_conversions_goal_name__User_Signup__Trial_Converted.0ee4024780, now test.online_teletherapy_signups.relationships_fact_conversions_visitor_key__visitor_key__ref_dim_visitors_.5cf7faceee)
[0m23:06:15.371269 [debug] [Thread-1 (]: Re-using an available connection from the pool (formerly test.online_teletherapy_signups.not_null_fact_conversions_conversion_at_utc.9c20e8739c, now test.online_teletherapy_signups.unique_fact_conversions_conversion_key.699c429fad)
[0m23:06:15.372009 [debug] [Thread-3 (]: Re-using an available connection from the pool (formerly test.online_teletherapy_signups.not_null_fact_conversions_conversion_key.783a75e7a8, now model.online_teletherapy_signups.mart_visitor_traffic_type)
[0m23:06:15.372816 [debug] [Thread-4 (]: Began running node test.online_teletherapy_signups.dbt_utils_expression_is_true_fact_tests_completed__in_true_false_.f37fd35558
[0m23:06:15.373609 [debug] [Thread-2 (]: Began compiling node test.online_teletherapy_signups.relationships_fact_conversions_visitor_key__visitor_key__ref_dim_visitors_.5cf7faceee
[0m23:06:15.374316 [debug] [Thread-1 (]: Began compiling node test.online_teletherapy_signups.unique_fact_conversions_conversion_key.699c429fad
[0m23:06:15.375007 [debug] [Thread-3 (]: Began compiling node model.online_teletherapy_signups.mart_visitor_traffic_type
[0m23:06:15.375760 [debug] [Thread-4 (]: Re-using an available connection from the pool (formerly test.online_teletherapy_signups.not_null_fact_conversions_goal_name.a1cda6f545, now test.online_teletherapy_signups.dbt_utils_expression_is_true_fact_tests_completed__in_true_false_.f37fd35558)
[0m23:06:15.386917 [debug] [Thread-2 (]: Writing injected SQL for node "test.online_teletherapy_signups.relationships_fact_conversions_visitor_key__visitor_key__ref_dim_visitors_.5cf7faceee"
[0m23:06:15.391815 [debug] [Thread-1 (]: Writing injected SQL for node "test.online_teletherapy_signups.unique_fact_conversions_conversion_key.699c429fad"
[0m23:06:15.395446 [debug] [Thread-3 (]: Writing injected SQL for node "model.online_teletherapy_signups.mart_visitor_traffic_type"
[0m23:06:15.395950 [debug] [Thread-4 (]: Began compiling node test.online_teletherapy_signups.dbt_utils_expression_is_true_fact_tests_completed__in_true_false_.f37fd35558
[0m23:06:15.396849 [debug] [Thread-2 (]: Began executing node test.online_teletherapy_signups.relationships_fact_conversions_visitor_key__visitor_key__ref_dim_visitors_.5cf7faceee
[0m23:06:15.397357 [debug] [Thread-1 (]: Began executing node test.online_teletherapy_signups.unique_fact_conversions_conversion_key.699c429fad
[0m23:06:15.402684 [debug] [Thread-4 (]: Writing injected SQL for node "test.online_teletherapy_signups.dbt_utils_expression_is_true_fact_tests_completed__in_true_false_.f37fd35558"
[0m23:06:15.403364 [debug] [Thread-2 (]: Opening a new connection, currently in state closed
[0m23:06:15.403783 [debug] [Thread-3 (]: Began executing node model.online_teletherapy_signups.mart_visitor_traffic_type
[0m23:06:15.404228 [debug] [Thread-1 (]: Opening a new connection, currently in state closed
[0m23:06:15.405986 [debug] [Thread-3 (]: Opening a new connection, currently in state closed
[0m23:06:15.406916 [debug] [Thread-2 (]: Finished running node test.online_teletherapy_signups.relationships_fact_conversions_visitor_key__visitor_key__ref_dim_visitors_.5cf7faceee
[0m23:06:15.408827 [debug] [Thread-1 (]: Finished running node test.online_teletherapy_signups.unique_fact_conversions_conversion_key.699c429fad
[0m23:06:15.409291 [debug] [Thread-4 (]: Began executing node test.online_teletherapy_signups.dbt_utils_expression_is_true_fact_tests_completed__in_true_false_.f37fd35558
[0m23:06:15.410759 [debug] [Thread-2 (]: Began running node test.online_teletherapy_signups.dbt_utils_expression_is_true_fact_tests_duration___0.aaa7ccaa25
[0m23:06:15.411591 [debug] [Thread-3 (]: Finished running node model.online_teletherapy_signups.mart_visitor_traffic_type
[0m23:06:15.412090 [debug] [Thread-1 (]: Began running node test.online_teletherapy_signups.not_null_fact_tests_completed.0234fd3e04
[0m23:06:15.412588 [debug] [Thread-4 (]: Opening a new connection, currently in state closed
[0m23:06:15.413044 [debug] [Thread-2 (]: Re-using an available connection from the pool (formerly test.online_teletherapy_signups.relationships_fact_conversions_visitor_key__visitor_key__ref_dim_visitors_.5cf7faceee, now test.online_teletherapy_signups.dbt_utils_expression_is_true_fact_tests_duration___0.aaa7ccaa25)
[0m23:06:15.413526 [debug] [Thread-3 (]: Began running node test.online_teletherapy_signups.not_null_fact_tests_id.2b0d5ec61a
[0m23:06:15.414076 [debug] [Thread-1 (]: Re-using an available connection from the pool (formerly test.online_teletherapy_signups.unique_fact_conversions_conversion_key.699c429fad, now test.online_teletherapy_signups.not_null_fact_tests_completed.0234fd3e04)
[0m23:06:15.414792 [debug] [Thread-2 (]: Began compiling node test.online_teletherapy_signups.dbt_utils_expression_is_true_fact_tests_duration___0.aaa7ccaa25
[0m23:06:15.416750 [debug] [Thread-4 (]: Finished running node test.online_teletherapy_signups.dbt_utils_expression_is_true_fact_tests_completed__in_true_false_.f37fd35558
[0m23:06:15.417176 [debug] [Thread-3 (]: Re-using an available connection from the pool (formerly model.online_teletherapy_signups.mart_visitor_traffic_type, now test.online_teletherapy_signups.not_null_fact_tests_id.2b0d5ec61a)
[0m23:06:15.417622 [debug] [Thread-1 (]: Began compiling node test.online_teletherapy_signups.not_null_fact_tests_completed.0234fd3e04
[0m23:06:15.424332 [debug] [Thread-2 (]: Writing injected SQL for node "test.online_teletherapy_signups.dbt_utils_expression_is_true_fact_tests_duration___0.aaa7ccaa25"
[0m23:06:15.425270 [debug] [Thread-4 (]: Began running node test.online_teletherapy_signups.not_null_fact_tests_test_taken.bd247a00db
[0m23:06:15.426122 [debug] [Thread-3 (]: Began compiling node test.online_teletherapy_signups.not_null_fact_tests_id.2b0d5ec61a
[0m23:06:15.433906 [debug] [Thread-1 (]: Writing injected SQL for node "test.online_teletherapy_signups.not_null_fact_tests_completed.0234fd3e04"
[0m23:06:15.434634 [debug] [Thread-4 (]: Re-using an available connection from the pool (formerly test.online_teletherapy_signups.dbt_utils_expression_is_true_fact_tests_completed__in_true_false_.f37fd35558, now test.online_teletherapy_signups.not_null_fact_tests_test_taken.bd247a00db)
[0m23:06:15.439759 [debug] [Thread-3 (]: Writing injected SQL for node "test.online_teletherapy_signups.not_null_fact_tests_id.2b0d5ec61a"
[0m23:06:15.440480 [debug] [Thread-2 (]: Began executing node test.online_teletherapy_signups.dbt_utils_expression_is_true_fact_tests_duration___0.aaa7ccaa25
[0m23:06:15.441032 [debug] [Thread-4 (]: Began compiling node test.online_teletherapy_signups.not_null_fact_tests_test_taken.bd247a00db
[0m23:06:15.441940 [debug] [Thread-1 (]: Began executing node test.online_teletherapy_signups.not_null_fact_tests_completed.0234fd3e04
[0m23:06:15.442638 [debug] [Thread-2 (]: Opening a new connection, currently in state closed
[0m23:06:15.447867 [debug] [Thread-4 (]: Writing injected SQL for node "test.online_teletherapy_signups.not_null_fact_tests_test_taken.bd247a00db"
[0m23:06:15.448530 [debug] [Thread-1 (]: Opening a new connection, currently in state closed
[0m23:06:15.449127 [debug] [Thread-3 (]: Began executing node test.online_teletherapy_signups.not_null_fact_tests_id.2b0d5ec61a
[0m23:06:15.452818 [debug] [Thread-1 (]: Finished running node test.online_teletherapy_signups.not_null_fact_tests_completed.0234fd3e04
[0m23:06:15.453715 [debug] [Thread-2 (]: Finished running node test.online_teletherapy_signups.dbt_utils_expression_is_true_fact_tests_duration___0.aaa7ccaa25
[0m23:06:15.454262 [debug] [Thread-3 (]: Opening a new connection, currently in state closed
[0m23:06:15.454684 [debug] [Thread-4 (]: Began executing node test.online_teletherapy_signups.not_null_fact_tests_test_taken.bd247a00db
[0m23:06:15.455187 [debug] [Thread-1 (]: Began running node test.online_teletherapy_signups.not_null_fact_tests_test_taken_at_utc.e9a0902ae6
[0m23:06:15.455719 [debug] [Thread-2 (]: Began running node test.online_teletherapy_signups.not_null_fact_tests_visitor_key.e6a2b6acc4
[0m23:06:15.456341 [debug] [Thread-4 (]: Opening a new connection, currently in state closed
[0m23:06:15.460261 [debug] [Thread-1 (]: Re-using an available connection from the pool (formerly test.online_teletherapy_signups.not_null_fact_tests_completed.0234fd3e04, now test.online_teletherapy_signups.not_null_fact_tests_test_taken_at_utc.e9a0902ae6)
[0m23:06:15.461167 [debug] [Thread-3 (]: Finished running node test.online_teletherapy_signups.not_null_fact_tests_id.2b0d5ec61a
[0m23:06:15.461639 [debug] [Thread-2 (]: Re-using an available connection from the pool (formerly test.online_teletherapy_signups.dbt_utils_expression_is_true_fact_tests_duration___0.aaa7ccaa25, now test.online_teletherapy_signups.not_null_fact_tests_visitor_key.e6a2b6acc4)
[0m23:06:15.462223 [debug] [Thread-1 (]: Began compiling node test.online_teletherapy_signups.not_null_fact_tests_test_taken_at_utc.e9a0902ae6
[0m23:06:15.464168 [debug] [Thread-4 (]: Finished running node test.online_teletherapy_signups.not_null_fact_tests_test_taken.bd247a00db
[0m23:06:15.464725 [debug] [Thread-3 (]: Began running node test.online_teletherapy_signups.unique_fact_tests_id.8eac12c27a
[0m23:06:15.465218 [debug] [Thread-2 (]: Began compiling node test.online_teletherapy_signups.not_null_fact_tests_visitor_key.e6a2b6acc4
[0m23:06:15.469939 [debug] [Thread-1 (]: Writing injected SQL for node "test.online_teletherapy_signups.not_null_fact_tests_test_taken_at_utc.e9a0902ae6"
[0m23:06:15.470997 [debug] [Thread-4 (]: Began running node model.online_teletherapy_signups.mart_visitor_type2_us_outcomes
[0m23:06:15.472131 [debug] [Thread-3 (]: Re-using an available connection from the pool (formerly test.online_teletherapy_signups.not_null_fact_tests_id.2b0d5ec61a, now test.online_teletherapy_signups.unique_fact_tests_id.8eac12c27a)
[0m23:06:15.480604 [debug] [Thread-2 (]: Writing injected SQL for node "test.online_teletherapy_signups.not_null_fact_tests_visitor_key.e6a2b6acc4"
[0m23:06:15.481706 [debug] [Thread-4 (]: Re-using an available connection from the pool (formerly test.online_teletherapy_signups.not_null_fact_tests_test_taken.bd247a00db, now model.online_teletherapy_signups.mart_visitor_type2_us_outcomes)
[0m23:06:15.482584 [debug] [Thread-3 (]: Began compiling node test.online_teletherapy_signups.unique_fact_tests_id.8eac12c27a
[0m23:06:15.483253 [debug] [Thread-1 (]: Began executing node test.online_teletherapy_signups.not_null_fact_tests_test_taken_at_utc.e9a0902ae6
[0m23:06:15.483933 [debug] [Thread-4 (]: Began compiling node model.online_teletherapy_signups.mart_visitor_type2_us_outcomes
[0m23:06:15.488774 [debug] [Thread-3 (]: Writing injected SQL for node "test.online_teletherapy_signups.unique_fact_tests_id.8eac12c27a"
[0m23:06:15.489380 [debug] [Thread-1 (]: Opening a new connection, currently in state closed
[0m23:06:15.489763 [debug] [Thread-2 (]: Began executing node test.online_teletherapy_signups.not_null_fact_tests_visitor_key.e6a2b6acc4
[0m23:06:15.493708 [debug] [Thread-4 (]: Writing injected SQL for node "model.online_teletherapy_signups.mart_visitor_type2_us_outcomes"
[0m23:06:15.496030 [debug] [Thread-1 (]: Finished running node test.online_teletherapy_signups.not_null_fact_tests_test_taken_at_utc.e9a0902ae6
[0m23:06:15.496476 [debug] [Thread-2 (]: Opening a new connection, currently in state closed
[0m23:06:15.496877 [debug] [Thread-3 (]: Began executing node test.online_teletherapy_signups.unique_fact_tests_id.8eac12c27a
[0m23:06:15.497447 [debug] [Thread-1 (]: Began running node test.online_teletherapy_signups.accepted_values_mart_visitor_traffic_type_traffic_type__type_1__type_2__unknown.31f221d8ac
[0m23:06:15.498038 [debug] [Thread-4 (]: Began executing node model.online_teletherapy_signups.mart_visitor_type2_us_outcomes
[0m23:06:15.499823 [debug] [Thread-2 (]: Finished running node test.online_teletherapy_signups.not_null_fact_tests_visitor_key.e6a2b6acc4
[0m23:06:15.500313 [debug] [Thread-3 (]: Opening a new connection, currently in state closed
[0m23:06:15.500790 [debug] [Thread-1 (]: Re-using an available connection from the pool (formerly test.online_teletherapy_signups.not_null_fact_tests_test_taken_at_utc.e9a0902ae6, now test.online_teletherapy_signups.accepted_values_mart_visitor_traffic_type_traffic_type__type_1__type_2__unknown.31f221d8ac)
[0m23:06:15.501259 [debug] [Thread-4 (]: Opening a new connection, currently in state closed
[0m23:06:15.501729 [debug] [Thread-2 (]: Began running node test.online_teletherapy_signups.accepted_values_mart_visitor_traffic_type_traffic_type_label__Organic_Direct_No_Test___Paid_or_Organic_Test_Taken___Unknown_Attribution.dc9f7b01dd
[0m23:06:15.503775 [debug] [Thread-3 (]: Finished running node test.online_teletherapy_signups.unique_fact_tests_id.8eac12c27a
[0m23:06:15.504145 [debug] [Thread-1 (]: Began compiling node test.online_teletherapy_signups.accepted_values_mart_visitor_traffic_type_traffic_type__type_1__type_2__unknown.31f221d8ac
[0m23:06:15.504713 [debug] [Thread-2 (]: Re-using an available connection from the pool (formerly test.online_teletherapy_signups.not_null_fact_tests_visitor_key.e6a2b6acc4, now test.online_teletherapy_signups.accepted_values_mart_visitor_traffic_type_traffic_type_label__Organic_Direct_No_Test___Paid_or_Organic_Test_Taken___Unknown_Attribution.dc9f7b01dd)
[0m23:06:15.506504 [debug] [Thread-4 (]: Finished running node model.online_teletherapy_signups.mart_visitor_type2_us_outcomes
[0m23:06:15.506970 [debug] [Thread-3 (]: Began running node test.online_teletherapy_signups.dbt_utils_expression_is_true_mart_visitor_traffic_type_has_test__in_true_false_.d64a1361f0
[0m23:06:15.512044 [debug] [Thread-1 (]: Writing injected SQL for node "test.online_teletherapy_signups.accepted_values_mart_visitor_traffic_type_traffic_type__type_1__type_2__unknown.31f221d8ac"
[0m23:06:15.512710 [debug] [Thread-2 (]: Began compiling node test.online_teletherapy_signups.accepted_values_mart_visitor_traffic_type_traffic_type_label__Organic_Direct_No_Test___Paid_or_Organic_Test_Taken___Unknown_Attribution.dc9f7b01dd
[0m23:06:15.513455 [debug] [Thread-4 (]: Began running node test.online_teletherapy_signups.not_null_mart_visitor_traffic_type_has_test.db98b46a6a
[0m23:06:15.514498 [debug] [Thread-3 (]: Re-using an available connection from the pool (formerly test.online_teletherapy_signups.unique_fact_tests_id.8eac12c27a, now test.online_teletherapy_signups.dbt_utils_expression_is_true_mart_visitor_traffic_type_has_test__in_true_false_.d64a1361f0)
[0m23:06:15.521438 [debug] [Thread-2 (]: Writing injected SQL for node "test.online_teletherapy_signups.accepted_values_mart_visitor_traffic_type_traffic_type_label__Organic_Direct_No_Test___Paid_or_Organic_Test_Taken___Unknown_Attribution.dc9f7b01dd"
[0m23:06:15.522538 [debug] [Thread-4 (]: Re-using an available connection from the pool (formerly model.online_teletherapy_signups.mart_visitor_type2_us_outcomes, now test.online_teletherapy_signups.not_null_mart_visitor_traffic_type_has_test.db98b46a6a)
[0m23:06:15.523416 [debug] [Thread-1 (]: Began executing node test.online_teletherapy_signups.accepted_values_mart_visitor_traffic_type_traffic_type__type_1__type_2__unknown.31f221d8ac
[0m23:06:15.524118 [debug] [Thread-3 (]: Began compiling node test.online_teletherapy_signups.dbt_utils_expression_is_true_mart_visitor_traffic_type_has_test__in_true_false_.d64a1361f0
[0m23:06:15.525178 [debug] [Thread-4 (]: Began compiling node test.online_teletherapy_signups.not_null_mart_visitor_traffic_type_has_test.db98b46a6a
[0m23:06:15.526038 [debug] [Thread-1 (]: Opening a new connection, currently in state closed
[0m23:06:15.526897 [debug] [Thread-2 (]: Began executing node test.online_teletherapy_signups.accepted_values_mart_visitor_traffic_type_traffic_type_label__Organic_Direct_No_Test___Paid_or_Organic_Test_Taken___Unknown_Attribution.dc9f7b01dd
[0m23:06:15.535123 [debug] [Thread-3 (]: Writing injected SQL for node "test.online_teletherapy_signups.dbt_utils_expression_is_true_mart_visitor_traffic_type_has_test__in_true_false_.d64a1361f0"
[0m23:06:15.542023 [debug] [Thread-4 (]: Writing injected SQL for node "test.online_teletherapy_signups.not_null_mart_visitor_traffic_type_has_test.db98b46a6a"
[0m23:06:15.542670 [debug] [Thread-2 (]: Opening a new connection, currently in state closed
[0m23:06:15.544626 [debug] [Thread-1 (]: Finished running node test.online_teletherapy_signups.accepted_values_mart_visitor_traffic_type_traffic_type__type_1__type_2__unknown.31f221d8ac
[0m23:06:15.545185 [debug] [Thread-3 (]: Began executing node test.online_teletherapy_signups.dbt_utils_expression_is_true_mart_visitor_traffic_type_has_test__in_true_false_.d64a1361f0
[0m23:06:15.547049 [debug] [Thread-2 (]: Finished running node test.online_teletherapy_signups.accepted_values_mart_visitor_traffic_type_traffic_type_label__Organic_Direct_No_Test___Paid_or_Organic_Test_Taken___Unknown_Attribution.dc9f7b01dd
[0m23:06:15.547531 [debug] [Thread-1 (]: Began running node test.online_teletherapy_signups.not_null_mart_visitor_traffic_type_traffic_type.29a7a768c4
[0m23:06:15.548035 [debug] [Thread-4 (]: Began executing node test.online_teletherapy_signups.not_null_mart_visitor_traffic_type_has_test.db98b46a6a
[0m23:06:15.548586 [debug] [Thread-3 (]: Opening a new connection, currently in state closed
[0m23:06:15.549254 [debug] [Thread-2 (]: Began running node test.online_teletherapy_signups.not_null_mart_visitor_traffic_type_traffic_type_label.eaa01d5ce2
[0m23:06:15.549736 [debug] [Thread-1 (]: Re-using an available connection from the pool (formerly test.online_teletherapy_signups.accepted_values_mart_visitor_traffic_type_traffic_type__type_1__type_2__unknown.31f221d8ac, now test.online_teletherapy_signups.not_null_mart_visitor_traffic_type_traffic_type.29a7a768c4)
[0m23:06:15.550180 [debug] [Thread-4 (]: Opening a new connection, currently in state closed
[0m23:06:15.552109 [debug] [Thread-3 (]: Finished running node test.online_teletherapy_signups.dbt_utils_expression_is_true_mart_visitor_traffic_type_has_test__in_true_false_.d64a1361f0
[0m23:06:15.552839 [debug] [Thread-2 (]: Re-using an available connection from the pool (formerly test.online_teletherapy_signups.accepted_values_mart_visitor_traffic_type_traffic_type_label__Organic_Direct_No_Test___Paid_or_Organic_Test_Taken___Unknown_Attribution.dc9f7b01dd, now test.online_teletherapy_signups.not_null_mart_visitor_traffic_type_traffic_type_label.eaa01d5ce2)
[0m23:06:15.553272 [debug] [Thread-1 (]: Began compiling node test.online_teletherapy_signups.not_null_mart_visitor_traffic_type_traffic_type.29a7a768c4
[0m23:06:15.553832 [debug] [Thread-3 (]: Began running node test.online_teletherapy_signups.not_null_mart_visitor_traffic_type_visitor_key.2d52b2fbfe
[0m23:06:15.555723 [debug] [Thread-4 (]: Finished running node test.online_teletherapy_signups.not_null_mart_visitor_traffic_type_has_test.db98b46a6a
[0m23:06:15.556134 [debug] [Thread-2 (]: Began compiling node test.online_teletherapy_signups.not_null_mart_visitor_traffic_type_traffic_type_label.eaa01d5ce2
[0m23:06:15.560512 [debug] [Thread-1 (]: Writing injected SQL for node "test.online_teletherapy_signups.not_null_mart_visitor_traffic_type_traffic_type.29a7a768c4"
[0m23:06:15.560995 [debug] [Thread-3 (]: Re-using an available connection from the pool (formerly test.online_teletherapy_signups.dbt_utils_expression_is_true_mart_visitor_traffic_type_has_test__in_true_false_.d64a1361f0, now test.online_teletherapy_signups.not_null_mart_visitor_traffic_type_visitor_key.2d52b2fbfe)
[0m23:06:15.561451 [debug] [Thread-4 (]: Began running node test.online_teletherapy_signups.unique_mart_visitor_traffic_type_visitor_key.befc69a35b
[0m23:06:15.566154 [debug] [Thread-2 (]: Writing injected SQL for node "test.online_teletherapy_signups.not_null_mart_visitor_traffic_type_traffic_type_label.eaa01d5ce2"
[0m23:06:15.566830 [debug] [Thread-3 (]: Began compiling node test.online_teletherapy_signups.not_null_mart_visitor_traffic_type_visitor_key.2d52b2fbfe
[0m23:06:15.567306 [debug] [Thread-4 (]: Re-using an available connection from the pool (formerly test.online_teletherapy_signups.not_null_mart_visitor_traffic_type_has_test.db98b46a6a, now test.online_teletherapy_signups.unique_mart_visitor_traffic_type_visitor_key.befc69a35b)
[0m23:06:15.567892 [debug] [Thread-1 (]: Began executing node test.online_teletherapy_signups.not_null_mart_visitor_traffic_type_traffic_type.29a7a768c4
[0m23:06:15.574178 [debug] [Thread-3 (]: Writing injected SQL for node "test.online_teletherapy_signups.not_null_mart_visitor_traffic_type_visitor_key.2d52b2fbfe"
[0m23:06:15.575225 [debug] [Thread-2 (]: Began executing node test.online_teletherapy_signups.not_null_mart_visitor_traffic_type_traffic_type_label.eaa01d5ce2
[0m23:06:15.576047 [debug] [Thread-4 (]: Began compiling node test.online_teletherapy_signups.unique_mart_visitor_traffic_type_visitor_key.befc69a35b
[0m23:06:15.577047 [debug] [Thread-1 (]: Opening a new connection, currently in state closed
[0m23:06:15.578143 [debug] [Thread-2 (]: Opening a new connection, currently in state closed
[0m23:06:15.586191 [debug] [Thread-4 (]: Writing injected SQL for node "test.online_teletherapy_signups.unique_mart_visitor_traffic_type_visitor_key.befc69a35b"
[0m23:06:15.586679 [debug] [Thread-3 (]: Began executing node test.online_teletherapy_signups.not_null_mart_visitor_traffic_type_visitor_key.2d52b2fbfe
[0m23:06:15.589673 [debug] [Thread-1 (]: Finished running node test.online_teletherapy_signups.not_null_mart_visitor_traffic_type_traffic_type.29a7a768c4
[0m23:06:15.591386 [debug] [Thread-2 (]: Finished running node test.online_teletherapy_signups.not_null_mart_visitor_traffic_type_traffic_type_label.eaa01d5ce2
[0m23:06:15.591945 [debug] [Thread-3 (]: Opening a new connection, currently in state closed
[0m23:06:15.592469 [debug] [Thread-1 (]: Began running node test.online_teletherapy_signups.dbt_utils_expression_is_true_mart_visitor_type2_us_outcomes_has_signup__in_0_1_.b65fe6b16e
[0m23:06:15.592962 [debug] [Thread-4 (]: Began executing node test.online_teletherapy_signups.unique_mart_visitor_traffic_type_visitor_key.befc69a35b
[0m23:06:15.593375 [debug] [Thread-2 (]: Began running node test.online_teletherapy_signups.dbt_utils_expression_is_true_mart_visitor_type2_us_outcomes_has_trial_conversion__in_0_1_.d660da0943
[0m23:06:15.595247 [debug] [Thread-3 (]: Finished running node test.online_teletherapy_signups.not_null_mart_visitor_traffic_type_visitor_key.2d52b2fbfe
[0m23:06:15.595682 [debug] [Thread-1 (]: Re-using an available connection from the pool (formerly test.online_teletherapy_signups.not_null_mart_visitor_traffic_type_traffic_type.29a7a768c4, now test.online_teletherapy_signups.dbt_utils_expression_is_true_mart_visitor_type2_us_outcomes_has_signup__in_0_1_.b65fe6b16e)
[0m23:06:15.596123 [debug] [Thread-4 (]: Opening a new connection, currently in state closed
[0m23:06:15.596555 [debug] [Thread-2 (]: Re-using an available connection from the pool (formerly test.online_teletherapy_signups.not_null_mart_visitor_traffic_type_traffic_type_label.eaa01d5ce2, now test.online_teletherapy_signups.dbt_utils_expression_is_true_mart_visitor_type2_us_outcomes_has_trial_conversion__in_0_1_.d660da0943)
[0m23:06:15.596992 [debug] [Thread-3 (]: Began running node test.online_teletherapy_signups.not_null_mart_visitor_type2_us_outcomes_browser.43df191947
[0m23:06:15.597425 [debug] [Thread-1 (]: Began compiling node test.online_teletherapy_signups.dbt_utils_expression_is_true_mart_visitor_type2_us_outcomes_has_signup__in_0_1_.b65fe6b16e
[0m23:06:15.599319 [debug] [Thread-4 (]: Finished running node test.online_teletherapy_signups.unique_mart_visitor_traffic_type_visitor_key.befc69a35b
[0m23:06:15.599747 [debug] [Thread-2 (]: Began compiling node test.online_teletherapy_signups.dbt_utils_expression_is_true_mart_visitor_type2_us_outcomes_has_trial_conversion__in_0_1_.d660da0943
[0m23:06:15.600200 [debug] [Thread-3 (]: Re-using an available connection from the pool (formerly test.online_teletherapy_signups.not_null_mart_visitor_traffic_type_visitor_key.2d52b2fbfe, now test.online_teletherapy_signups.not_null_mart_visitor_type2_us_outcomes_browser.43df191947)
[0m23:06:15.605328 [debug] [Thread-1 (]: Writing injected SQL for node "test.online_teletherapy_signups.dbt_utils_expression_is_true_mart_visitor_type2_us_outcomes_has_signup__in_0_1_.b65fe6b16e"
[0m23:06:15.605865 [debug] [Thread-4 (]: Began running node test.online_teletherapy_signups.not_null_mart_visitor_type2_us_outcomes_has_signup.33ad275c12
[0m23:06:15.610469 [debug] [Thread-2 (]: Writing injected SQL for node "test.online_teletherapy_signups.dbt_utils_expression_is_true_mart_visitor_type2_us_outcomes_has_trial_conversion__in_0_1_.d660da0943"
[0m23:06:15.610938 [debug] [Thread-3 (]: Began compiling node test.online_teletherapy_signups.not_null_mart_visitor_type2_us_outcomes_browser.43df191947
[0m23:06:15.611539 [debug] [Thread-4 (]: Re-using an available connection from the pool (formerly test.online_teletherapy_signups.unique_mart_visitor_traffic_type_visitor_key.befc69a35b, now test.online_teletherapy_signups.not_null_mart_visitor_type2_us_outcomes_has_signup.33ad275c12)
[0m23:06:15.618326 [debug] [Thread-3 (]: Writing injected SQL for node "test.online_teletherapy_signups.not_null_mart_visitor_type2_us_outcomes_browser.43df191947"
[0m23:06:15.618902 [debug] [Thread-4 (]: Began compiling node test.online_teletherapy_signups.not_null_mart_visitor_type2_us_outcomes_has_signup.33ad275c12
[0m23:06:15.619486 [debug] [Thread-1 (]: Began executing node test.online_teletherapy_signups.dbt_utils_expression_is_true_mart_visitor_type2_us_outcomes_has_signup__in_0_1_.b65fe6b16e
[0m23:06:15.620147 [debug] [Thread-2 (]: Began executing node test.online_teletherapy_signups.dbt_utils_expression_is_true_mart_visitor_type2_us_outcomes_has_trial_conversion__in_0_1_.d660da0943
[0m23:06:15.629237 [debug] [Thread-4 (]: Writing injected SQL for node "test.online_teletherapy_signups.not_null_mart_visitor_type2_us_outcomes_has_signup.33ad275c12"
[0m23:06:15.630234 [debug] [Thread-1 (]: Opening a new connection, currently in state closed
[0m23:06:15.631031 [debug] [Thread-3 (]: Began executing node test.online_teletherapy_signups.not_null_mart_visitor_type2_us_outcomes_browser.43df191947
[0m23:06:15.632205 [debug] [Thread-2 (]: Opening a new connection, currently in state closed
[0m23:06:15.633446 [debug] [Thread-3 (]: Opening a new connection, currently in state closed
[0m23:06:15.635360 [debug] [Thread-1 (]: Finished running node test.online_teletherapy_signups.dbt_utils_expression_is_true_mart_visitor_type2_us_outcomes_has_signup__in_0_1_.b65fe6b16e
[0m23:06:15.635899 [debug] [Thread-4 (]: Began executing node test.online_teletherapy_signups.not_null_mart_visitor_type2_us_outcomes_has_signup.33ad275c12
[0m23:06:15.637716 [debug] [Thread-2 (]: Finished running node test.online_teletherapy_signups.dbt_utils_expression_is_true_mart_visitor_type2_us_outcomes_has_trial_conversion__in_0_1_.d660da0943
[0m23:06:15.638245 [debug] [Thread-1 (]: Began running node test.online_teletherapy_signups.not_null_mart_visitor_type2_us_outcomes_has_trial_conversion.f4bb412e88
[0m23:06:15.640049 [debug] [Thread-3 (]: Finished running node test.online_teletherapy_signups.not_null_mart_visitor_type2_us_outcomes_browser.43df191947
[0m23:06:15.640501 [debug] [Thread-4 (]: Opening a new connection, currently in state closed
[0m23:06:15.640956 [debug] [Thread-2 (]: Began running node test.online_teletherapy_signups.not_null_mart_visitor_type2_us_outcomes_region.6174a4366e
[0m23:06:15.641464 [debug] [Thread-1 (]: Re-using an available connection from the pool (formerly test.online_teletherapy_signups.dbt_utils_expression_is_true_mart_visitor_type2_us_outcomes_has_signup__in_0_1_.b65fe6b16e, now test.online_teletherapy_signups.not_null_mart_visitor_type2_us_outcomes_has_trial_conversion.f4bb412e88)
[0m23:06:15.641942 [debug] [Thread-3 (]: Began running node test.online_teletherapy_signups.not_null_mart_visitor_type2_us_outcomes_visitor_key.826b78952c
[0m23:06:15.642546 [debug] [Thread-2 (]: Re-using an available connection from the pool (formerly test.online_teletherapy_signups.dbt_utils_expression_is_true_mart_visitor_type2_us_outcomes_has_trial_conversion__in_0_1_.d660da0943, now test.online_teletherapy_signups.not_null_mart_visitor_type2_us_outcomes_region.6174a4366e)
[0m23:06:15.643039 [debug] [Thread-1 (]: Began compiling node test.online_teletherapy_signups.not_null_mart_visitor_type2_us_outcomes_has_trial_conversion.f4bb412e88
[0m23:06:15.645202 [debug] [Thread-4 (]: Finished running node test.online_teletherapy_signups.not_null_mart_visitor_type2_us_outcomes_has_signup.33ad275c12
[0m23:06:15.645597 [debug] [Thread-3 (]: Re-using an available connection from the pool (formerly test.online_teletherapy_signups.not_null_mart_visitor_type2_us_outcomes_browser.43df191947, now test.online_teletherapy_signups.not_null_mart_visitor_type2_us_outcomes_visitor_key.826b78952c)
[0m23:06:15.646045 [debug] [Thread-2 (]: Began compiling node test.online_teletherapy_signups.not_null_mart_visitor_type2_us_outcomes_region.6174a4366e
[0m23:06:15.650668 [debug] [Thread-1 (]: Writing injected SQL for node "test.online_teletherapy_signups.not_null_mart_visitor_type2_us_outcomes_has_trial_conversion.f4bb412e88"
[0m23:06:15.651212 [debug] [Thread-4 (]: Began running node test.online_teletherapy_signups.unique_mart_visitor_type2_us_outcomes_visitor_key.80a653fd7c
[0m23:06:15.651850 [debug] [Thread-3 (]: Began compiling node test.online_teletherapy_signups.not_null_mart_visitor_type2_us_outcomes_visitor_key.826b78952c
[0m23:06:15.657963 [debug] [Thread-2 (]: Writing injected SQL for node "test.online_teletherapy_signups.not_null_mart_visitor_type2_us_outcomes_region.6174a4366e"
[0m23:06:15.658709 [debug] [Thread-4 (]: Re-using an available connection from the pool (formerly test.online_teletherapy_signups.not_null_mart_visitor_type2_us_outcomes_has_signup.33ad275c12, now test.online_teletherapy_signups.unique_mart_visitor_type2_us_outcomes_visitor_key.80a653fd7c)
[0m23:06:15.663570 [debug] [Thread-3 (]: Writing injected SQL for node "test.online_teletherapy_signups.not_null_mart_visitor_type2_us_outcomes_visitor_key.826b78952c"
[0m23:06:15.664087 [debug] [Thread-1 (]: Began executing node test.online_teletherapy_signups.not_null_mart_visitor_type2_us_outcomes_has_trial_conversion.f4bb412e88
[0m23:06:15.664630 [debug] [Thread-4 (]: Began compiling node test.online_teletherapy_signups.unique_mart_visitor_type2_us_outcomes_visitor_key.80a653fd7c
[0m23:06:15.665154 [debug] [Thread-2 (]: Began executing node test.online_teletherapy_signups.not_null_mart_visitor_type2_us_outcomes_region.6174a4366e
[0m23:06:15.665689 [debug] [Thread-1 (]: Opening a new connection, currently in state closed
[0m23:06:15.670386 [debug] [Thread-4 (]: Writing injected SQL for node "test.online_teletherapy_signups.unique_mart_visitor_type2_us_outcomes_visitor_key.80a653fd7c"
[0m23:06:15.671079 [debug] [Thread-3 (]: Began executing node test.online_teletherapy_signups.not_null_mart_visitor_type2_us_outcomes_visitor_key.826b78952c
[0m23:06:15.671860 [debug] [Thread-2 (]: Opening a new connection, currently in state closed
[0m23:06:15.675801 [debug] [Thread-1 (]: Finished running node test.online_teletherapy_signups.not_null_mart_visitor_type2_us_outcomes_has_trial_conversion.f4bb412e88
[0m23:06:15.676692 [debug] [Thread-3 (]: Opening a new connection, currently in state closed
[0m23:06:15.677339 [debug] [Thread-4 (]: Began executing node test.online_teletherapy_signups.unique_mart_visitor_type2_us_outcomes_visitor_key.80a653fd7c
[0m23:06:15.680650 [debug] [Thread-2 (]: Finished running node test.online_teletherapy_signups.not_null_mart_visitor_type2_us_outcomes_region.6174a4366e
[0m23:06:15.682778 [debug] [Thread-4 (]: Opening a new connection, currently in state closed
[0m23:06:15.683784 [debug] [Thread-3 (]: Finished running node test.online_teletherapy_signups.not_null_mart_visitor_type2_us_outcomes_visitor_key.826b78952c
[0m23:06:15.685931 [debug] [Thread-4 (]: Finished running node test.online_teletherapy_signups.unique_mart_visitor_type2_us_outcomes_visitor_key.80a653fd7c
[0m23:06:15.687070 [debug] [MainThread]: Connection 'master' was properly closed.
[0m23:06:15.687439 [debug] [MainThread]: Connection 'test.online_teletherapy_signups.not_null_mart_visitor_type2_us_outcomes_has_trial_conversion.f4bb412e88' was properly closed.
[0m23:06:15.687775 [debug] [MainThread]: Connection 'test.online_teletherapy_signups.not_null_mart_visitor_type2_us_outcomes_region.6174a4366e' was properly closed.
[0m23:06:15.688101 [debug] [MainThread]: Connection 'test.online_teletherapy_signups.not_null_mart_visitor_type2_us_outcomes_visitor_key.826b78952c' was properly closed.
[0m23:06:15.688424 [debug] [MainThread]: Connection 'test.online_teletherapy_signups.unique_mart_visitor_type2_us_outcomes_visitor_key.80a653fd7c' was properly closed.
[0m23:06:15.704485 [debug] [MainThread]: Command end result
[0m23:06:15.770577 [debug] [MainThread]: Wrote artifact WritableManifest to /Users/davidreynolds/projects/online_teletherapy_signups/target/manifest.json
[0m23:06:15.773314 [debug] [MainThread]: Wrote artifact SemanticManifest to /Users/davidreynolds/projects/online_teletherapy_signups/target/semantic_manifest.json
[0m23:06:15.786418 [debug] [MainThread]: Wrote artifact RunExecutionResult to /Users/davidreynolds/projects/online_teletherapy_signups/target/run_results.json
[0m23:06:15.787377 [warn ] [MainThread]: [[33mWARNING[0m][DeprecationsSummary]: Deprecated functionality
Summary of encountered deprecations:
- PropertyMovedToConfigDeprecation: 1 occurrence
- MissingArgumentsPropertyInGenericTestDeprecation: 12 occurrences
To see all deprecation instances instead of just the first occurrence of each,
run command again with the `--show-all-deprecations` flag. You may also need to
run with `--no-partial-parse` as some deprecations are only encountered during
parsing.
[0m23:06:15.789279 [debug] [MainThread]: Resource report: {"command_name": "compile", "command_success": true, "command_wall_clock_time": 13.76976, "process_in_blocks": "0", "process_kernel_time": 3.118185, "process_mem_max_rss": "386871296", "process_out_blocks": "0", "process_user_time": 10.391743}
[0m23:06:15.789805 [debug] [MainThread]: Command `dbt compile` succeeded at 23:06:15.789689 after 13.77 seconds
[0m23:06:15.790245 [debug] [MainThread]: Sending event: {'category': 'dbt', 'action': 'invocation', 'label': 'end', 'context': [<snowplow_tracker.self_describing_json.SelfDescribingJson object at 0x10cf0c490>, <snowplow_tracker.self_describing_json.SelfDescribingJson object at 0x10cf0c950>, <snowplow_tracker.self_describing_json.SelfDescribingJson object at 0x10850e010>]}
[0m23:06:15.790658 [debug] [MainThread]: Flushing usage events
[0m23:06:15.898941 [debug] [MainThread]: An error was encountered while trying to flush usage events
[0m23:35:30.374364 [debug] [MainThread]: Sending event: {'category': 'dbt', 'action': 'invocation', 'label': 'start', 'context': [<snowplow_tracker.self_describing_json.SelfDescribingJson object at 0x1061ab1d0>, <snowplow_tracker.self_describing_json.SelfDescribingJson object at 0x106135a10>, <snowplow_tracker.self_describing_json.SelfDescribingJson object at 0x1061b9910>]}


============================== 23:35:30.380238 | b8bf6e9f-87a2-438f-8b1b-46c9ea820bf6 ==============================
[0m23:35:30.380238 [info ] [MainThread]: Running with dbt=1.11.2
[0m23:35:30.380915 [debug] [MainThread]: running dbt with arguments {'warn_error': 'None', 'log_format': 'default', 'printer_width': '80', 'log_cache_events': 'False', 'warn_error_options': 'WarnErrorOptionsV2(error=[], warn=[], silence=[])', 'send_anonymous_usage_stats': 'True', 'fail_fast': 'False', 'write_json': 'True', 'invocation_command': 'dbt docs generate --profiles-dir /Users/davidreynolds/.dbt', 'empty': 'None', 'cache_selected_only': 'False', 'log_path': '/Users/davidreynolds/projects/online_teletherapy_signups/logs', 'profiles_dir': '/Users/davidreynolds/.dbt', 'static_parser': 'True', 'target_path': 'None', 'use_experimental_parser': 'False', 'partial_parse': 'True', 'debug': 'False', 'introspect': 'True', 'quiet': 'False', 'use_colors': 'True', 'version_check': 'True', 'indirect_selection': 'eager', 'no_print': 'None'}
[0m23:35:38.731728 [debug] [MainThread]: Sending event: {'category': 'dbt', 'action': 'project_id', 'label': 'b8bf6e9f-87a2-438f-8b1b-46c9ea820bf6', 'context': [<snowplow_tracker.self_describing_json.SelfDescribingJson object at 0x1166ea5d0>]}
[0m23:35:38.794405 [debug] [MainThread]: Sending event: {'category': 'dbt', 'action': 'adapter_info', 'label': 'b8bf6e9f-87a2-438f-8b1b-46c9ea820bf6', 'context': [<snowplow_tracker.self_describing_json.SelfDescribingJson object at 0x103671b50>]}
[0m23:35:38.794875 [info ] [MainThread]: Registered adapter: bigquery=1.11.0
[0m23:35:39.091596 [debug] [MainThread]: checksum: 3d40d8bbe1bef07db1c24822f2dbfff8bc07f2a48ed4fe2658a40653aec0b54b, vars: {}, profile: , target: , version: 1.11.2
[0m23:35:39.462597 [debug] [MainThread]: Partial parsing enabled: 0 files deleted, 0 files added, 0 files changed.
[0m23:35:39.462993 [debug] [MainThread]: Nothing changed, skipping partial parsing.
[0m23:35:39.463272 [debug] [MainThread]: Partial parsing enabled, no changes found, skipping parsing
[0m23:35:39.509412 [debug] [MainThread]: Sending event: {'category': 'dbt', 'action': 'load_project', 'label': 'b8bf6e9f-87a2-438f-8b1b-46c9ea820bf6', 'context': [<snowplow_tracker.self_describing_json.SelfDescribingJson object at 0x116cf3050>]}
[0m23:35:39.542355 [debug] [MainThread]: Sending event: {'category': 'dbt', 'action': 'resource_counts', 'label': 'b8bf6e9f-87a2-438f-8b1b-46c9ea820bf6', 'context': [<snowplow_tracker.self_describing_json.SelfDescribingJson object at 0x116874290>]}
[0m23:35:39.542830 [info ] [MainThread]: Found 9 models, 104 data tests, 3 sources, 702 macros
[0m23:35:39.543159 [debug] [MainThread]: Sending event: {'category': 'dbt', 'action': 'runnable_timing', 'label': 'b8bf6e9f-87a2-438f-8b1b-46c9ea820bf6', 'context': [<snowplow_tracker.self_describing_json.SelfDescribingJson object at 0x116a92450>]}
[0m23:35:39.548630 [info ] [MainThread]: 
[0m23:35:39.548964 [info ] [MainThread]: Concurrency: 4 threads (target='dev')
[0m23:35:39.549250 [info ] [MainThread]: 
[0m23:35:39.549694 [debug] [MainThread]: Acquiring new bigquery connection 'master'
[0m23:35:39.553586 [debug] [ThreadPool]: Acquiring new bigquery connection 'list_mind-diagnostics-414622_dbt_dreynolds'
[0m23:35:39.553943 [debug] [ThreadPool]: Opening a new connection, currently in state init
[0m23:35:40.148446 [debug] [MainThread]: Sending event: {'category': 'dbt', 'action': 'runnable_timing', 'label': 'b8bf6e9f-87a2-438f-8b1b-46c9ea820bf6', 'context': [<snowplow_tracker.self_describing_json.SelfDescribingJson object at 0x105306510>]}
[0m23:35:40.149028 [debug] [MainThread]: Opening a new connection, currently in state init
[0m23:35:40.154970 [debug] [Thread-1 (]: Began running node model.online_teletherapy_signups.stg_bh__goals
[0m23:35:40.155465 [debug] [Thread-2 (]: Began running node model.online_teletherapy_signups.stg_md__tests
[0m23:35:40.155923 [debug] [Thread-1 (]: Re-using an available connection from the pool (formerly list_mind-diagnostics-414622_dbt_dreynolds, now model.online_teletherapy_signups.stg_bh__goals)
[0m23:35:40.156324 [debug] [Thread-3 (]: Began running node model.online_teletherapy_signups.stg_md__visitors
[0m23:35:40.156791 [debug] [Thread-4 (]: Began running node test.online_teletherapy_signups.dbt_utils_source_expression_is_true_md_log_tests_completed__in_true_false_.5987433a38
[0m23:35:40.157292 [debug] [Thread-2 (]: Acquiring new bigquery connection 'model.online_teletherapy_signups.stg_md__tests'
[0m23:35:40.157713 [debug] [Thread-1 (]: Began compiling node model.online_teletherapy_signups.stg_bh__goals
[0m23:35:40.158248 [debug] [Thread-3 (]: Acquiring new bigquery connection 'model.online_teletherapy_signups.stg_md__visitors'
[0m23:35:40.158779 [debug] [Thread-4 (]: Acquiring new bigquery connection 'test.online_teletherapy_signups.dbt_utils_source_expression_is_true_md_log_tests_completed__in_true_false_.5987433a38'
[0m23:35:40.159188 [debug] [Thread-2 (]: Began compiling node model.online_teletherapy_signups.stg_md__tests
[0m23:35:40.178575 [debug] [Thread-3 (]: Began compiling node model.online_teletherapy_signups.stg_md__visitors
[0m23:35:40.182228 [debug] [Thread-1 (]: Writing injected SQL for node "model.online_teletherapy_signups.stg_bh__goals"
[0m23:35:40.182644 [debug] [Thread-4 (]: Began compiling node test.online_teletherapy_signups.dbt_utils_source_expression_is_true_md_log_tests_completed__in_true_false_.5987433a38
[0m23:35:40.185681 [debug] [Thread-2 (]: Writing injected SQL for node "model.online_teletherapy_signups.stg_md__tests"
[0m23:35:40.188606 [debug] [Thread-3 (]: Writing injected SQL for node "model.online_teletherapy_signups.stg_md__visitors"
[0m23:35:40.200743 [debug] [Thread-4 (]: Writing injected SQL for node "test.online_teletherapy_signups.dbt_utils_source_expression_is_true_md_log_tests_completed__in_true_false_.5987433a38"
[0m23:35:40.201479 [debug] [Thread-1 (]: Began executing node model.online_teletherapy_signups.stg_bh__goals
[0m23:35:40.202198 [debug] [Thread-1 (]: Opening a new connection, currently in state closed
[0m23:35:40.204118 [debug] [Thread-1 (]: Finished running node model.online_teletherapy_signups.stg_bh__goals
[0m23:35:40.204510 [debug] [Thread-2 (]: Began executing node model.online_teletherapy_signups.stg_md__tests
[0m23:35:40.204833 [debug] [Thread-3 (]: Began executing node model.online_teletherapy_signups.stg_md__visitors
[0m23:35:40.205273 [debug] [Thread-1 (]: Began running node test.online_teletherapy_signups.dbt_utils_source_expression_is_true_md_log_tests_duration___0.a00131dabc
[0m23:35:40.205613 [debug] [Thread-4 (]: Began executing node test.online_teletherapy_signups.dbt_utils_source_expression_is_true_md_log_tests_completed__in_true_false_.5987433a38
[0m23:35:40.206291 [debug] [Thread-2 (]: Opening a new connection, currently in state init
[0m23:35:40.206714 [debug] [Thread-3 (]: Opening a new connection, currently in state init
[0m23:35:40.207123 [debug] [Thread-1 (]: Re-using an available connection from the pool (formerly model.online_teletherapy_signups.stg_bh__goals, now test.online_teletherapy_signups.dbt_utils_source_expression_is_true_md_log_tests_duration___0.a00131dabc)
[0m23:35:40.207520 [debug] [Thread-4 (]: Opening a new connection, currently in state init
[0m23:35:40.209379 [debug] [Thread-2 (]: Finished running node model.online_teletherapy_signups.stg_md__tests
[0m23:35:40.209737 [debug] [Thread-1 (]: Began compiling node test.online_teletherapy_signups.dbt_utils_source_expression_is_true_md_log_tests_duration___0.a00131dabc
[0m23:35:40.211225 [debug] [Thread-3 (]: Finished running node model.online_teletherapy_signups.stg_md__visitors
[0m23:35:40.214459 [debug] [Thread-4 (]: Finished running node test.online_teletherapy_signups.dbt_utils_source_expression_is_true_md_log_tests_completed__in_true_false_.5987433a38
[0m23:35:40.214820 [debug] [Thread-2 (]: Began running node test.online_teletherapy_signups.dbt_utils_source_expression_is_true_md_log_tests_site_id__in_0_1_2_4_.a6805ec048
[0m23:35:40.219638 [debug] [Thread-1 (]: Writing injected SQL for node "test.online_teletherapy_signups.dbt_utils_source_expression_is_true_md_log_tests_duration___0.a00131dabc"
[0m23:35:40.220166 [debug] [Thread-3 (]: Began running node test.online_teletherapy_signups.dbt_utils_source_expression_is_true_md_log_tests_updated_at___created_at.77670ae3ca
[0m23:35:40.220800 [debug] [Thread-4 (]: Began running node test.online_teletherapy_signups.dbt_utils_source_expression_is_true_md_log_visitor_updated_at___created_at.bd98c9b182
[0m23:35:40.221263 [debug] [Thread-2 (]: Re-using an available connection from the pool (formerly model.online_teletherapy_signups.stg_md__tests, now test.online_teletherapy_signups.dbt_utils_source_expression_is_true_md_log_tests_site_id__in_0_1_2_4_.a6805ec048)
[0m23:35:40.221787 [debug] [Thread-3 (]: Re-using an available connection from the pool (formerly model.online_teletherapy_signups.stg_md__visitors, now test.online_teletherapy_signups.dbt_utils_source_expression_is_true_md_log_tests_updated_at___created_at.77670ae3ca)
[0m23:35:40.222266 [debug] [Thread-4 (]: Re-using an available connection from the pool (formerly test.online_teletherapy_signups.dbt_utils_source_expression_is_true_md_log_tests_completed__in_true_false_.5987433a38, now test.online_teletherapy_signups.dbt_utils_source_expression_is_true_md_log_visitor_updated_at___created_at.bd98c9b182)
[0m23:35:40.222838 [debug] [Thread-1 (]: Began executing node test.online_teletherapy_signups.dbt_utils_source_expression_is_true_md_log_tests_duration___0.a00131dabc
[0m23:35:40.223165 [debug] [Thread-2 (]: Began compiling node test.online_teletherapy_signups.dbt_utils_source_expression_is_true_md_log_tests_site_id__in_0_1_2_4_.a6805ec048
[0m23:35:40.223527 [debug] [Thread-3 (]: Began compiling node test.online_teletherapy_signups.dbt_utils_source_expression_is_true_md_log_tests_updated_at___created_at.77670ae3ca
[0m23:35:40.223887 [debug] [Thread-4 (]: Began compiling node test.online_teletherapy_signups.dbt_utils_source_expression_is_true_md_log_visitor_updated_at___created_at.bd98c9b182
[0m23:35:40.224272 [debug] [Thread-1 (]: Opening a new connection, currently in state closed
[0m23:35:40.229135 [debug] [Thread-2 (]: Writing injected SQL for node "test.online_teletherapy_signups.dbt_utils_source_expression_is_true_md_log_tests_site_id__in_0_1_2_4_.a6805ec048"
[0m23:35:40.234288 [debug] [Thread-3 (]: Writing injected SQL for node "test.online_teletherapy_signups.dbt_utils_source_expression_is_true_md_log_tests_updated_at___created_at.77670ae3ca"
[0m23:35:40.238700 [debug] [Thread-4 (]: Writing injected SQL for node "test.online_teletherapy_signups.dbt_utils_source_expression_is_true_md_log_visitor_updated_at___created_at.bd98c9b182"
[0m23:35:40.240569 [debug] [Thread-1 (]: Finished running node test.online_teletherapy_signups.dbt_utils_source_expression_is_true_md_log_tests_duration___0.a00131dabc
[0m23:35:40.241524 [debug] [Thread-1 (]: Began running node test.online_teletherapy_signups.source_accepted_values_bh_goals_goal_name__User_Signup__Trial_Converted.98a19dd275
[0m23:35:40.241899 [debug] [Thread-2 (]: Began executing node test.online_teletherapy_signups.dbt_utils_source_expression_is_true_md_log_tests_site_id__in_0_1_2_4_.a6805ec048
[0m23:35:40.242244 [debug] [Thread-3 (]: Began executing node test.online_teletherapy_signups.dbt_utils_source_expression_is_true_md_log_tests_updated_at___created_at.77670ae3ca
[0m23:35:40.242696 [debug] [Thread-1 (]: Re-using an available connection from the pool (formerly test.online_teletherapy_signups.dbt_utils_source_expression_is_true_md_log_tests_duration___0.a00131dabc, now test.online_teletherapy_signups.source_accepted_values_bh_goals_goal_name__User_Signup__Trial_Converted.98a19dd275)
[0m23:35:40.243076 [debug] [Thread-4 (]: Began executing node test.online_teletherapy_signups.dbt_utils_source_expression_is_true_md_log_visitor_updated_at___created_at.bd98c9b182
[0m23:35:40.243420 [debug] [Thread-2 (]: Opening a new connection, currently in state closed
[0m23:35:40.243789 [debug] [Thread-3 (]: Opening a new connection, currently in state closed
[0m23:35:40.244138 [debug] [Thread-1 (]: Began compiling node test.online_teletherapy_signups.source_accepted_values_bh_goals_goal_name__User_Signup__Trial_Converted.98a19dd275
[0m23:35:40.244541 [debug] [Thread-4 (]: Opening a new connection, currently in state closed
[0m23:35:40.246706 [debug] [Thread-2 (]: Finished running node test.online_teletherapy_signups.dbt_utils_source_expression_is_true_md_log_tests_site_id__in_0_1_2_4_.a6805ec048
[0m23:35:40.248685 [debug] [Thread-3 (]: Finished running node test.online_teletherapy_signups.dbt_utils_source_expression_is_true_md_log_tests_updated_at___created_at.77670ae3ca
[0m23:35:40.258763 [debug] [Thread-1 (]: Writing injected SQL for node "test.online_teletherapy_signups.source_accepted_values_bh_goals_goal_name__User_Signup__Trial_Converted.98a19dd275"
[0m23:35:40.260802 [debug] [Thread-4 (]: Finished running node test.online_teletherapy_signups.dbt_utils_source_expression_is_true_md_log_visitor_updated_at___created_at.bd98c9b182
[0m23:35:40.261284 [debug] [Thread-2 (]: Began running node test.online_teletherapy_signups.source_accepted_values_bh_goals_stat_affiliate_info1__fm__md__pm__rd.9c37a32a03
[0m23:35:40.261825 [debug] [Thread-3 (]: Began running node test.online_teletherapy_signups.source_accepted_values_bh_goals_stat_affiliate_info2__email__mobile_app__mobile_web__desktop_web.6f4ecd0ca7
[0m23:35:40.262472 [debug] [Thread-4 (]: Began running node test.online_teletherapy_signups.source_accepted_values_md_log_tests_channel__web__mobile_web__mobile.736a1291ba
[0m23:35:40.263065 [debug] [Thread-2 (]: Re-using an available connection from the pool (formerly test.online_teletherapy_signups.dbt_utils_source_expression_is_true_md_log_tests_site_id__in_0_1_2_4_.a6805ec048, now test.online_teletherapy_signups.source_accepted_values_bh_goals_stat_affiliate_info1__fm__md__pm__rd.9c37a32a03)
[0m23:35:40.263538 [debug] [Thread-1 (]: Began executing node test.online_teletherapy_signups.source_accepted_values_bh_goals_goal_name__User_Signup__Trial_Converted.98a19dd275
[0m23:35:40.263944 [debug] [Thread-3 (]: Re-using an available connection from the pool (formerly test.online_teletherapy_signups.dbt_utils_source_expression_is_true_md_log_tests_updated_at___created_at.77670ae3ca, now test.online_teletherapy_signups.source_accepted_values_bh_goals_stat_affiliate_info2__email__mobile_app__mobile_web__desktop_web.6f4ecd0ca7)
[0m23:35:40.264399 [debug] [Thread-4 (]: Re-using an available connection from the pool (formerly test.online_teletherapy_signups.dbt_utils_source_expression_is_true_md_log_visitor_updated_at___created_at.bd98c9b182, now test.online_teletherapy_signups.source_accepted_values_md_log_tests_channel__web__mobile_web__mobile.736a1291ba)
[0m23:35:40.264827 [debug] [Thread-2 (]: Began compiling node test.online_teletherapy_signups.source_accepted_values_bh_goals_stat_affiliate_info1__fm__md__pm__rd.9c37a32a03
[0m23:35:40.265262 [debug] [Thread-1 (]: Opening a new connection, currently in state closed
[0m23:35:40.265677 [debug] [Thread-3 (]: Began compiling node test.online_teletherapy_signups.source_accepted_values_bh_goals_stat_affiliate_info2__email__mobile_app__mobile_web__desktop_web.6f4ecd0ca7
[0m23:35:40.266077 [debug] [Thread-4 (]: Began compiling node test.online_teletherapy_signups.source_accepted_values_md_log_tests_channel__web__mobile_web__mobile.736a1291ba
[0m23:35:40.273554 [debug] [Thread-2 (]: Writing injected SQL for node "test.online_teletherapy_signups.source_accepted_values_bh_goals_stat_affiliate_info1__fm__md__pm__rd.9c37a32a03"
[0m23:35:40.282643 [debug] [Thread-3 (]: Writing injected SQL for node "test.online_teletherapy_signups.source_accepted_values_bh_goals_stat_affiliate_info2__email__mobile_app__mobile_web__desktop_web.6f4ecd0ca7"
[0m23:35:40.284429 [debug] [Thread-1 (]: Finished running node test.online_teletherapy_signups.source_accepted_values_bh_goals_goal_name__User_Signup__Trial_Converted.98a19dd275
[0m23:35:40.290629 [debug] [Thread-4 (]: Writing injected SQL for node "test.online_teletherapy_signups.source_accepted_values_md_log_tests_channel__web__mobile_web__mobile.736a1291ba"
[0m23:35:40.291424 [debug] [Thread-1 (]: Began running node test.online_teletherapy_signups.source_accepted_values_md_log_visitor_device_type__mobile__wearable__console__smarttv__tablet.fb35c9848c
[0m23:35:40.291873 [debug] [Thread-3 (]: Began executing node test.online_teletherapy_signups.source_accepted_values_bh_goals_stat_affiliate_info2__email__mobile_app__mobile_web__desktop_web.6f4ecd0ca7
[0m23:35:40.292350 [debug] [Thread-2 (]: Began executing node test.online_teletherapy_signups.source_accepted_values_bh_goals_stat_affiliate_info1__fm__md__pm__rd.9c37a32a03
[0m23:35:40.292715 [debug] [Thread-1 (]: Re-using an available connection from the pool (formerly test.online_teletherapy_signups.source_accepted_values_bh_goals_goal_name__User_Signup__Trial_Converted.98a19dd275, now test.online_teletherapy_signups.source_accepted_values_md_log_visitor_device_type__mobile__wearable__console__smarttv__tablet.fb35c9848c)
[0m23:35:40.293164 [debug] [Thread-3 (]: Opening a new connection, currently in state closed
[0m23:35:40.293537 [debug] [Thread-4 (]: Began executing node test.online_teletherapy_signups.source_accepted_values_md_log_tests_channel__web__mobile_web__mobile.736a1291ba
[0m23:35:40.293867 [debug] [Thread-2 (]: Opening a new connection, currently in state closed
[0m23:35:40.294217 [debug] [Thread-1 (]: Began compiling node test.online_teletherapy_signups.source_accepted_values_md_log_visitor_device_type__mobile__wearable__console__smarttv__tablet.fb35c9848c
[0m23:35:40.295832 [debug] [Thread-3 (]: Finished running node test.online_teletherapy_signups.source_accepted_values_bh_goals_stat_affiliate_info2__email__mobile_app__mobile_web__desktop_web.6f4ecd0ca7
[0m23:35:40.296192 [debug] [Thread-4 (]: Opening a new connection, currently in state closed
[0m23:35:40.297823 [debug] [Thread-2 (]: Finished running node test.online_teletherapy_signups.source_accepted_values_bh_goals_stat_affiliate_info1__fm__md__pm__rd.9c37a32a03
[0m23:35:40.303984 [debug] [Thread-1 (]: Writing injected SQL for node "test.online_teletherapy_signups.source_accepted_values_md_log_visitor_device_type__mobile__wearable__console__smarttv__tablet.fb35c9848c"
[0m23:35:40.304452 [debug] [Thread-3 (]: Began running node test.online_teletherapy_signups.source_not_null_bh_goals_goal_name.518f5bfddc
[0m23:35:40.306198 [debug] [Thread-4 (]: Finished running node test.online_teletherapy_signups.source_accepted_values_md_log_tests_channel__web__mobile_web__mobile.736a1291ba
[0m23:35:40.306535 [debug] [Thread-2 (]: Began running node test.online_teletherapy_signups.source_not_null_bh_goals_stat_ad_id.f47d96fd9f
[0m23:35:40.307071 [debug] [Thread-3 (]: Re-using an available connection from the pool (formerly test.online_teletherapy_signups.source_accepted_values_bh_goals_stat_affiliate_info2__email__mobile_app__mobile_web__desktop_web.6f4ecd0ca7, now test.online_teletherapy_signups.source_not_null_bh_goals_goal_name.518f5bfddc)
[0m23:35:40.307528 [debug] [Thread-4 (]: Began running node test.online_teletherapy_signups.source_not_null_bh_goals_stat_affiliate_info1.a9fe7f3bf1
[0m23:35:40.307946 [debug] [Thread-2 (]: Re-using an available connection from the pool (formerly test.online_teletherapy_signups.source_accepted_values_bh_goals_stat_affiliate_info1__fm__md__pm__rd.9c37a32a03, now test.online_teletherapy_signups.source_not_null_bh_goals_stat_ad_id.f47d96fd9f)
[0m23:35:40.308285 [debug] [Thread-1 (]: Began executing node test.online_teletherapy_signups.source_accepted_values_md_log_visitor_device_type__mobile__wearable__console__smarttv__tablet.fb35c9848c
[0m23:35:40.308649 [debug] [Thread-3 (]: Began compiling node test.online_teletherapy_signups.source_not_null_bh_goals_goal_name.518f5bfddc
[0m23:35:40.309020 [debug] [Thread-4 (]: Re-using an available connection from the pool (formerly test.online_teletherapy_signups.source_accepted_values_md_log_tests_channel__web__mobile_web__mobile.736a1291ba, now test.online_teletherapy_signups.source_not_null_bh_goals_stat_affiliate_info1.a9fe7f3bf1)
[0m23:35:40.309379 [debug] [Thread-2 (]: Began compiling node test.online_teletherapy_signups.source_not_null_bh_goals_stat_ad_id.f47d96fd9f
[0m23:35:40.309751 [debug] [Thread-1 (]: Opening a new connection, currently in state closed
[0m23:35:40.316158 [debug] [Thread-3 (]: Writing injected SQL for node "test.online_teletherapy_signups.source_not_null_bh_goals_goal_name.518f5bfddc"
[0m23:35:40.316578 [debug] [Thread-4 (]: Began compiling node test.online_teletherapy_signups.source_not_null_bh_goals_stat_affiliate_info1.a9fe7f3bf1
[0m23:35:40.320325 [debug] [Thread-2 (]: Writing injected SQL for node "test.online_teletherapy_signups.source_not_null_bh_goals_stat_ad_id.f47d96fd9f"
[0m23:35:40.324368 [debug] [Thread-4 (]: Writing injected SQL for node "test.online_teletherapy_signups.source_not_null_bh_goals_stat_affiliate_info1.a9fe7f3bf1"
[0m23:35:40.326000 [debug] [Thread-1 (]: Finished running node test.online_teletherapy_signups.source_accepted_values_md_log_visitor_device_type__mobile__wearable__console__smarttv__tablet.fb35c9848c
[0m23:35:40.326341 [debug] [Thread-3 (]: Began executing node test.online_teletherapy_signups.source_not_null_bh_goals_goal_name.518f5bfddc
[0m23:35:40.326935 [debug] [Thread-1 (]: Began running node test.online_teletherapy_signups.source_not_null_bh_goals_stat_affiliate_info2.722cdd31a3
[0m23:35:40.327375 [debug] [Thread-2 (]: Began executing node test.online_teletherapy_signups.source_not_null_bh_goals_stat_ad_id.f47d96fd9f
[0m23:35:40.327706 [debug] [Thread-3 (]: Opening a new connection, currently in state closed
[0m23:35:40.328016 [debug] [Thread-4 (]: Began executing node test.online_teletherapy_signups.source_not_null_bh_goals_stat_affiliate_info1.a9fe7f3bf1
[0m23:35:40.328403 [debug] [Thread-1 (]: Re-using an available connection from the pool (formerly test.online_teletherapy_signups.source_accepted_values_md_log_visitor_device_type__mobile__wearable__console__smarttv__tablet.fb35c9848c, now test.online_teletherapy_signups.source_not_null_bh_goals_stat_affiliate_info2.722cdd31a3)
[0m23:35:40.328777 [debug] [Thread-2 (]: Opening a new connection, currently in state closed
[0m23:35:40.330304 [debug] [Thread-3 (]: Finished running node test.online_teletherapy_signups.source_not_null_bh_goals_goal_name.518f5bfddc
[0m23:35:40.330681 [debug] [Thread-4 (]: Opening a new connection, currently in state closed
[0m23:35:40.331043 [debug] [Thread-1 (]: Began compiling node test.online_teletherapy_signups.source_not_null_bh_goals_stat_affiliate_info2.722cdd31a3
[0m23:35:40.332565 [debug] [Thread-2 (]: Finished running node test.online_teletherapy_signups.source_not_null_bh_goals_stat_ad_id.f47d96fd9f
[0m23:35:40.332970 [debug] [Thread-3 (]: Began running node test.online_teletherapy_signups.source_not_null_bh_goals_stat_datetime.e72384c75c
[0m23:35:40.337061 [debug] [Thread-1 (]: Writing injected SQL for node "test.online_teletherapy_signups.source_not_null_bh_goals_stat_affiliate_info2.722cdd31a3"
[0m23:35:40.338596 [debug] [Thread-4 (]: Finished running node test.online_teletherapy_signups.source_not_null_bh_goals_stat_affiliate_info1.a9fe7f3bf1
[0m23:35:40.338984 [debug] [Thread-2 (]: Began running node test.online_teletherapy_signups.source_not_null_md_log_tests_channel.448b40bff0
[0m23:35:40.339390 [debug] [Thread-3 (]: Re-using an available connection from the pool (formerly test.online_teletherapy_signups.source_not_null_bh_goals_goal_name.518f5bfddc, now test.online_teletherapy_signups.source_not_null_bh_goals_stat_datetime.e72384c75c)
[0m23:35:40.339884 [debug] [Thread-4 (]: Began running node test.online_teletherapy_signups.source_not_null_md_log_tests_completed.87870fabf6
[0m23:35:40.340336 [debug] [Thread-1 (]: Began executing node test.online_teletherapy_signups.source_not_null_bh_goals_stat_affiliate_info2.722cdd31a3
[0m23:35:40.340671 [debug] [Thread-2 (]: Re-using an available connection from the pool (formerly test.online_teletherapy_signups.source_not_null_bh_goals_stat_ad_id.f47d96fd9f, now test.online_teletherapy_signups.source_not_null_md_log_tests_channel.448b40bff0)
[0m23:35:40.341033 [debug] [Thread-3 (]: Began compiling node test.online_teletherapy_signups.source_not_null_bh_goals_stat_datetime.e72384c75c
[0m23:35:40.341399 [debug] [Thread-4 (]: Re-using an available connection from the pool (formerly test.online_teletherapy_signups.source_not_null_bh_goals_stat_affiliate_info1.a9fe7f3bf1, now test.online_teletherapy_signups.source_not_null_md_log_tests_completed.87870fabf6)
[0m23:35:40.341771 [debug] [Thread-1 (]: Opening a new connection, currently in state closed
[0m23:35:40.342124 [debug] [Thread-2 (]: Began compiling node test.online_teletherapy_signups.source_not_null_md_log_tests_channel.448b40bff0
[0m23:35:40.347521 [debug] [Thread-3 (]: Writing injected SQL for node "test.online_teletherapy_signups.source_not_null_bh_goals_stat_datetime.e72384c75c"
[0m23:35:40.347898 [debug] [Thread-4 (]: Began compiling node test.online_teletherapy_signups.source_not_null_md_log_tests_completed.87870fabf6
[0m23:35:40.352405 [debug] [Thread-2 (]: Writing injected SQL for node "test.online_teletherapy_signups.source_not_null_md_log_tests_channel.448b40bff0"
[0m23:35:40.354215 [debug] [Thread-1 (]: Finished running node test.online_teletherapy_signups.source_not_null_bh_goals_stat_affiliate_info2.722cdd31a3
[0m23:35:40.358808 [debug] [Thread-4 (]: Writing injected SQL for node "test.online_teletherapy_signups.source_not_null_md_log_tests_completed.87870fabf6"
[0m23:35:40.359456 [debug] [Thread-1 (]: Began running node test.online_teletherapy_signups.source_not_null_md_log_tests_created_at.4bedda7379
[0m23:35:40.359864 [debug] [Thread-3 (]: Began executing node test.online_teletherapy_signups.source_not_null_bh_goals_stat_datetime.e72384c75c
[0m23:35:40.360375 [debug] [Thread-2 (]: Began executing node test.online_teletherapy_signups.source_not_null_md_log_tests_channel.448b40bff0
[0m23:35:40.360820 [debug] [Thread-4 (]: Began executing node test.online_teletherapy_signups.source_not_null_md_log_tests_completed.87870fabf6
[0m23:35:40.361190 [debug] [Thread-1 (]: Re-using an available connection from the pool (formerly test.online_teletherapy_signups.source_not_null_bh_goals_stat_affiliate_info2.722cdd31a3, now test.online_teletherapy_signups.source_not_null_md_log_tests_created_at.4bedda7379)
[0m23:35:40.361604 [debug] [Thread-3 (]: Opening a new connection, currently in state closed
[0m23:35:40.361988 [debug] [Thread-2 (]: Opening a new connection, currently in state closed
[0m23:35:40.362348 [debug] [Thread-4 (]: Opening a new connection, currently in state closed
[0m23:35:40.362701 [debug] [Thread-1 (]: Began compiling node test.online_teletherapy_signups.source_not_null_md_log_tests_created_at.4bedda7379
[0m23:35:40.364611 [debug] [Thread-3 (]: Finished running node test.online_teletherapy_signups.source_not_null_bh_goals_stat_datetime.e72384c75c
[0m23:35:40.366246 [debug] [Thread-2 (]: Finished running node test.online_teletherapy_signups.source_not_null_md_log_tests_channel.448b40bff0
[0m23:35:40.368031 [debug] [Thread-4 (]: Finished running node test.online_teletherapy_signups.source_not_null_md_log_tests_completed.87870fabf6
[0m23:35:40.372245 [debug] [Thread-1 (]: Writing injected SQL for node "test.online_teletherapy_signups.source_not_null_md_log_tests_created_at.4bedda7379"
[0m23:35:40.372725 [debug] [Thread-3 (]: Began running node test.online_teletherapy_signups.source_not_null_md_log_tests_id.3365dbe57a
[0m23:35:40.373186 [debug] [Thread-2 (]: Began running node test.online_teletherapy_signups.source_not_null_md_log_tests_ip_address.ee19e066e5
[0m23:35:40.373648 [debug] [Thread-4 (]: Began running node test.online_teletherapy_signups.source_not_null_md_log_tests_site_id.f9e3e98b96
[0m23:35:40.374235 [debug] [Thread-3 (]: Re-using an available connection from the pool (formerly test.online_teletherapy_signups.source_not_null_bh_goals_stat_datetime.e72384c75c, now test.online_teletherapy_signups.source_not_null_md_log_tests_id.3365dbe57a)
[0m23:35:40.374633 [debug] [Thread-2 (]: Re-using an available connection from the pool (formerly test.online_teletherapy_signups.source_not_null_md_log_tests_channel.448b40bff0, now test.online_teletherapy_signups.source_not_null_md_log_tests_ip_address.ee19e066e5)
[0m23:35:40.375076 [debug] [Thread-4 (]: Re-using an available connection from the pool (formerly test.online_teletherapy_signups.source_not_null_md_log_tests_completed.87870fabf6, now test.online_teletherapy_signups.source_not_null_md_log_tests_site_id.f9e3e98b96)
[0m23:35:40.375432 [debug] [Thread-1 (]: Began executing node test.online_teletherapy_signups.source_not_null_md_log_tests_created_at.4bedda7379
[0m23:35:40.375788 [debug] [Thread-3 (]: Began compiling node test.online_teletherapy_signups.source_not_null_md_log_tests_id.3365dbe57a
[0m23:35:40.376135 [debug] [Thread-2 (]: Began compiling node test.online_teletherapy_signups.source_not_null_md_log_tests_ip_address.ee19e066e5
[0m23:35:40.376499 [debug] [Thread-4 (]: Began compiling node test.online_teletherapy_signups.source_not_null_md_log_tests_site_id.f9e3e98b96
[0m23:35:40.376885 [debug] [Thread-1 (]: Opening a new connection, currently in state closed
[0m23:35:40.380853 [debug] [Thread-3 (]: Writing injected SQL for node "test.online_teletherapy_signups.source_not_null_md_log_tests_id.3365dbe57a"
[0m23:35:40.384760 [debug] [Thread-2 (]: Writing injected SQL for node "test.online_teletherapy_signups.source_not_null_md_log_tests_ip_address.ee19e066e5"
[0m23:35:40.388375 [debug] [Thread-4 (]: Writing injected SQL for node "test.online_teletherapy_signups.source_not_null_md_log_tests_site_id.f9e3e98b96"
[0m23:35:40.390141 [debug] [Thread-1 (]: Finished running node test.online_teletherapy_signups.source_not_null_md_log_tests_created_at.4bedda7379
[0m23:35:40.390727 [debug] [Thread-3 (]: Began executing node test.online_teletherapy_signups.source_not_null_md_log_tests_id.3365dbe57a
[0m23:35:40.391165 [debug] [Thread-1 (]: Began running node test.online_teletherapy_signups.source_not_null_md_log_tests_test_taken.0652d3310a
[0m23:35:40.391572 [debug] [Thread-4 (]: Began executing node test.online_teletherapy_signups.source_not_null_md_log_tests_site_id.f9e3e98b96
[0m23:35:40.392019 [debug] [Thread-3 (]: Opening a new connection, currently in state closed
[0m23:35:40.392332 [debug] [Thread-2 (]: Began executing node test.online_teletherapy_signups.source_not_null_md_log_tests_ip_address.ee19e066e5
[0m23:35:40.392705 [debug] [Thread-1 (]: Re-using an available connection from the pool (formerly test.online_teletherapy_signups.source_not_null_md_log_tests_created_at.4bedda7379, now test.online_teletherapy_signups.source_not_null_md_log_tests_test_taken.0652d3310a)
[0m23:35:40.393092 [debug] [Thread-4 (]: Opening a new connection, currently in state closed
[0m23:35:40.393554 [debug] [Thread-2 (]: Opening a new connection, currently in state closed
[0m23:35:40.394966 [debug] [Thread-3 (]: Finished running node test.online_teletherapy_signups.source_not_null_md_log_tests_id.3365dbe57a
[0m23:35:40.395312 [debug] [Thread-1 (]: Began compiling node test.online_teletherapy_signups.source_not_null_md_log_tests_test_taken.0652d3310a
[0m23:35:40.397800 [debug] [Thread-2 (]: Finished running node test.online_teletherapy_signups.source_not_null_md_log_tests_ip_address.ee19e066e5
[0m23:35:40.398168 [debug] [Thread-3 (]: Began running node test.online_teletherapy_signups.source_not_null_md_log_tests_test_taken_id.0166380e5f
[0m23:35:40.398839 [debug] [Thread-4 (]: Finished running node test.online_teletherapy_signups.source_not_null_md_log_tests_site_id.f9e3e98b96
[0m23:35:40.405178 [debug] [Thread-1 (]: Writing injected SQL for node "test.online_teletherapy_signups.source_not_null_md_log_tests_test_taken.0652d3310a"
[0m23:35:40.405958 [debug] [Thread-2 (]: Began running node test.online_teletherapy_signups.source_not_null_md_log_tests_updated_at.00cb949fa8
[0m23:35:40.406686 [debug] [Thread-3 (]: Re-using an available connection from the pool (formerly test.online_teletherapy_signups.source_not_null_md_log_tests_id.3365dbe57a, now test.online_teletherapy_signups.source_not_null_md_log_tests_test_taken_id.0166380e5f)
[0m23:35:40.407294 [debug] [Thread-4 (]: Began running node test.online_teletherapy_signups.source_not_null_md_log_visitor_created_at.5e5077a35b
[0m23:35:40.408006 [debug] [Thread-2 (]: Re-using an available connection from the pool (formerly test.online_teletherapy_signups.source_not_null_md_log_tests_ip_address.ee19e066e5, now test.online_teletherapy_signups.source_not_null_md_log_tests_updated_at.00cb949fa8)
[0m23:35:40.408446 [debug] [Thread-3 (]: Began compiling node test.online_teletherapy_signups.source_not_null_md_log_tests_test_taken_id.0166380e5f
[0m23:35:40.409083 [debug] [Thread-4 (]: Re-using an available connection from the pool (formerly test.online_teletherapy_signups.source_not_null_md_log_tests_site_id.f9e3e98b96, now test.online_teletherapy_signups.source_not_null_md_log_visitor_created_at.5e5077a35b)
[0m23:35:40.409774 [debug] [Thread-1 (]: Began executing node test.online_teletherapy_signups.source_not_null_md_log_tests_test_taken.0652d3310a
[0m23:35:40.410386 [debug] [Thread-2 (]: Began compiling node test.online_teletherapy_signups.source_not_null_md_log_tests_updated_at.00cb949fa8
[0m23:35:40.417005 [debug] [Thread-4 (]: Began compiling node test.online_teletherapy_signups.source_not_null_md_log_visitor_created_at.5e5077a35b
[0m23:35:40.421086 [debug] [Thread-3 (]: Writing injected SQL for node "test.online_teletherapy_signups.source_not_null_md_log_tests_test_taken_id.0166380e5f"
[0m23:35:40.421929 [debug] [Thread-1 (]: Opening a new connection, currently in state closed
[0m23:35:40.428253 [debug] [Thread-2 (]: Writing injected SQL for node "test.online_teletherapy_signups.source_not_null_md_log_tests_updated_at.00cb949fa8"
[0m23:35:40.433509 [debug] [Thread-4 (]: Writing injected SQL for node "test.online_teletherapy_signups.source_not_null_md_log_visitor_created_at.5e5077a35b"
[0m23:35:40.436194 [debug] [Thread-1 (]: Finished running node test.online_teletherapy_signups.source_not_null_md_log_tests_test_taken.0652d3310a
[0m23:35:40.436740 [debug] [Thread-3 (]: Began executing node test.online_teletherapy_signups.source_not_null_md_log_tests_test_taken_id.0166380e5f
[0m23:35:40.437118 [debug] [Thread-2 (]: Began executing node test.online_teletherapy_signups.source_not_null_md_log_tests_updated_at.00cb949fa8
[0m23:35:40.437676 [debug] [Thread-1 (]: Began running node test.online_teletherapy_signups.source_not_null_md_log_visitor_id.23d8368444
[0m23:35:40.438280 [debug] [Thread-3 (]: Opening a new connection, currently in state closed
[0m23:35:40.438725 [debug] [Thread-4 (]: Began executing node test.online_teletherapy_signups.source_not_null_md_log_visitor_created_at.5e5077a35b
[0m23:35:40.439110 [debug] [Thread-2 (]: Opening a new connection, currently in state closed
[0m23:35:40.439569 [debug] [Thread-1 (]: Re-using an available connection from the pool (formerly test.online_teletherapy_signups.source_not_null_md_log_tests_test_taken.0652d3310a, now test.online_teletherapy_signups.source_not_null_md_log_visitor_id.23d8368444)
[0m23:35:40.440126 [debug] [Thread-4 (]: Opening a new connection, currently in state closed
[0m23:35:40.441935 [debug] [Thread-3 (]: Finished running node test.online_teletherapy_signups.source_not_null_md_log_tests_test_taken_id.0166380e5f
[0m23:35:40.443756 [debug] [Thread-2 (]: Finished running node test.online_teletherapy_signups.source_not_null_md_log_tests_updated_at.00cb949fa8
[0m23:35:40.444174 [debug] [Thread-1 (]: Began compiling node test.online_teletherapy_signups.source_not_null_md_log_visitor_id.23d8368444
[0m23:35:40.445988 [debug] [Thread-4 (]: Finished running node test.online_teletherapy_signups.source_not_null_md_log_visitor_created_at.5e5077a35b
[0m23:35:40.446450 [debug] [Thread-3 (]: Began running node test.online_teletherapy_signups.source_not_null_md_log_visitor_ip.10b04f82b4
[0m23:35:40.446972 [debug] [Thread-2 (]: Began running node test.online_teletherapy_signups.source_not_null_md_log_visitor_mduid.5d28c83c78
[0m23:35:40.455278 [debug] [Thread-1 (]: Writing injected SQL for node "test.online_teletherapy_signups.source_not_null_md_log_visitor_id.23d8368444"
[0m23:35:40.456240 [debug] [Thread-4 (]: Began running node test.online_teletherapy_signups.source_not_null_md_log_visitor_updated_at.6e15fea0fe
[0m23:35:40.457154 [debug] [Thread-3 (]: Re-using an available connection from the pool (formerly test.online_teletherapy_signups.source_not_null_md_log_tests_test_taken_id.0166380e5f, now test.online_teletherapy_signups.source_not_null_md_log_visitor_ip.10b04f82b4)
[0m23:35:40.457967 [debug] [Thread-2 (]: Re-using an available connection from the pool (formerly test.online_teletherapy_signups.source_not_null_md_log_tests_updated_at.00cb949fa8, now test.online_teletherapy_signups.source_not_null_md_log_visitor_mduid.5d28c83c78)
[0m23:35:40.459007 [debug] [Thread-4 (]: Re-using an available connection from the pool (formerly test.online_teletherapy_signups.source_not_null_md_log_visitor_created_at.5e5077a35b, now test.online_teletherapy_signups.source_not_null_md_log_visitor_updated_at.6e15fea0fe)
[0m23:35:40.459892 [debug] [Thread-3 (]: Began compiling node test.online_teletherapy_signups.source_not_null_md_log_visitor_ip.10b04f82b4
[0m23:35:40.460702 [debug] [Thread-2 (]: Began compiling node test.online_teletherapy_signups.source_not_null_md_log_visitor_mduid.5d28c83c78
[0m23:35:40.461435 [debug] [Thread-1 (]: Began executing node test.online_teletherapy_signups.source_not_null_md_log_visitor_id.23d8368444
[0m23:35:40.462133 [debug] [Thread-4 (]: Began compiling node test.online_teletherapy_signups.source_not_null_md_log_visitor_updated_at.6e15fea0fe
[0m23:35:40.470896 [debug] [Thread-3 (]: Writing injected SQL for node "test.online_teletherapy_signups.source_not_null_md_log_visitor_ip.10b04f82b4"
[0m23:35:40.480582 [debug] [Thread-2 (]: Writing injected SQL for node "test.online_teletherapy_signups.source_not_null_md_log_visitor_mduid.5d28c83c78"
[0m23:35:40.481511 [debug] [Thread-1 (]: Opening a new connection, currently in state closed
[0m23:35:40.490650 [debug] [Thread-4 (]: Writing injected SQL for node "test.online_teletherapy_signups.source_not_null_md_log_visitor_updated_at.6e15fea0fe"
[0m23:35:40.492336 [debug] [Thread-3 (]: Began executing node test.online_teletherapy_signups.source_not_null_md_log_visitor_ip.10b04f82b4
[0m23:35:40.496028 [debug] [Thread-1 (]: Finished running node test.online_teletherapy_signups.source_not_null_md_log_visitor_id.23d8368444
[0m23:35:40.496757 [debug] [Thread-2 (]: Began executing node test.online_teletherapy_signups.source_not_null_md_log_visitor_mduid.5d28c83c78
[0m23:35:40.497510 [debug] [Thread-3 (]: Opening a new connection, currently in state closed
[0m23:35:40.498281 [debug] [Thread-1 (]: Began running node test.online_teletherapy_signups.source_unique_md_log_tests_id.4c92f35fad
[0m23:35:40.499011 [debug] [Thread-4 (]: Began executing node test.online_teletherapy_signups.source_not_null_md_log_visitor_updated_at.6e15fea0fe
[0m23:35:40.499749 [debug] [Thread-2 (]: Opening a new connection, currently in state closed
[0m23:35:40.500694 [debug] [Thread-1 (]: Re-using an available connection from the pool (formerly test.online_teletherapy_signups.source_not_null_md_log_visitor_id.23d8368444, now test.online_teletherapy_signups.source_unique_md_log_tests_id.4c92f35fad)
[0m23:35:40.504083 [debug] [Thread-3 (]: Finished running node test.online_teletherapy_signups.source_not_null_md_log_visitor_ip.10b04f82b4
[0m23:35:40.504862 [debug] [Thread-4 (]: Opening a new connection, currently in state closed
[0m23:35:40.505709 [debug] [Thread-1 (]: Began compiling node test.online_teletherapy_signups.source_unique_md_log_tests_id.4c92f35fad
[0m23:35:40.508860 [debug] [Thread-2 (]: Finished running node test.online_teletherapy_signups.source_not_null_md_log_visitor_mduid.5d28c83c78
[0m23:35:40.509604 [debug] [Thread-3 (]: Began running node test.online_teletherapy_signups.source_unique_md_log_visitor_id.e4529de181
[0m23:35:40.520272 [debug] [Thread-1 (]: Writing injected SQL for node "test.online_teletherapy_signups.source_unique_md_log_tests_id.4c92f35fad"
[0m23:35:40.522376 [debug] [Thread-4 (]: Finished running node test.online_teletherapy_signups.source_not_null_md_log_visitor_updated_at.6e15fea0fe
[0m23:35:40.522842 [debug] [Thread-2 (]: Began running node test.online_teletherapy_signups.source_unique_md_log_visitor_mduid.9c547abf76
[0m23:35:40.523505 [debug] [Thread-3 (]: Re-using an available connection from the pool (formerly test.online_teletherapy_signups.source_not_null_md_log_visitor_ip.10b04f82b4, now test.online_teletherapy_signups.source_unique_md_log_visitor_id.e4529de181)
[0m23:35:40.524189 [debug] [Thread-4 (]: Began running node test.online_teletherapy_signups.accepted_values_stg_bh__goals_goal_name__User_Signup__Trial_Converted.684e254115
[0m23:35:40.524802 [debug] [Thread-2 (]: Re-using an available connection from the pool (formerly test.online_teletherapy_signups.source_not_null_md_log_visitor_mduid.5d28c83c78, now test.online_teletherapy_signups.source_unique_md_log_visitor_mduid.9c547abf76)
[0m23:35:40.525327 [debug] [Thread-3 (]: Began compiling node test.online_teletherapy_signups.source_unique_md_log_visitor_id.e4529de181
[0m23:35:40.525798 [debug] [Thread-4 (]: Re-using an available connection from the pool (formerly test.online_teletherapy_signups.source_not_null_md_log_visitor_updated_at.6e15fea0fe, now test.online_teletherapy_signups.accepted_values_stg_bh__goals_goal_name__User_Signup__Trial_Converted.684e254115)
[0m23:35:40.526195 [debug] [Thread-1 (]: Began executing node test.online_teletherapy_signups.source_unique_md_log_tests_id.4c92f35fad
[0m23:35:40.526617 [debug] [Thread-2 (]: Began compiling node test.online_teletherapy_signups.source_unique_md_log_visitor_mduid.9c547abf76
[0m23:35:40.531841 [debug] [Thread-3 (]: Writing injected SQL for node "test.online_teletherapy_signups.source_unique_md_log_visitor_id.e4529de181"
[0m23:35:40.532430 [debug] [Thread-4 (]: Began compiling node test.online_teletherapy_signups.accepted_values_stg_bh__goals_goal_name__User_Signup__Trial_Converted.684e254115
[0m23:35:40.532913 [debug] [Thread-1 (]: Opening a new connection, currently in state closed
[0m23:35:40.537886 [debug] [Thread-2 (]: Writing injected SQL for node "test.online_teletherapy_signups.source_unique_md_log_visitor_mduid.9c547abf76"
[0m23:35:40.543453 [debug] [Thread-4 (]: Writing injected SQL for node "test.online_teletherapy_signups.accepted_values_stg_bh__goals_goal_name__User_Signup__Trial_Converted.684e254115"
[0m23:35:40.545681 [debug] [Thread-1 (]: Finished running node test.online_teletherapy_signups.source_unique_md_log_tests_id.4c92f35fad
[0m23:35:40.546056 [debug] [Thread-3 (]: Began executing node test.online_teletherapy_signups.source_unique_md_log_visitor_id.e4529de181
[0m23:35:40.546783 [debug] [Thread-1 (]: Began running node test.online_teletherapy_signups.accepted_values_stg_bh__goals_stat_affiliate_info1__fm__md__pm__rd.ca82a8c5f5
[0m23:35:40.547302 [debug] [Thread-3 (]: Opening a new connection, currently in state closed
[0m23:35:40.547790 [debug] [Thread-2 (]: Began executing node test.online_teletherapy_signups.source_unique_md_log_visitor_mduid.9c547abf76
[0m23:35:40.548311 [debug] [Thread-4 (]: Began executing node test.online_teletherapy_signups.accepted_values_stg_bh__goals_goal_name__User_Signup__Trial_Converted.684e254115
[0m23:35:40.548983 [debug] [Thread-1 (]: Re-using an available connection from the pool (formerly test.online_teletherapy_signups.source_unique_md_log_tests_id.4c92f35fad, now test.online_teletherapy_signups.accepted_values_stg_bh__goals_stat_affiliate_info1__fm__md__pm__rd.ca82a8c5f5)
[0m23:35:40.549888 [debug] [Thread-2 (]: Opening a new connection, currently in state closed
[0m23:35:40.552802 [debug] [Thread-3 (]: Finished running node test.online_teletherapy_signups.source_unique_md_log_visitor_id.e4529de181
[0m23:35:40.553560 [debug] [Thread-4 (]: Opening a new connection, currently in state closed
[0m23:35:40.554295 [debug] [Thread-1 (]: Began compiling node test.online_teletherapy_signups.accepted_values_stg_bh__goals_stat_affiliate_info1__fm__md__pm__rd.ca82a8c5f5
[0m23:35:40.556947 [debug] [Thread-3 (]: Began running node test.online_teletherapy_signups.accepted_values_stg_bh__goals_stat_affiliate_info2__email__mobile_app__mobile_web__desktop_web.373abaccf0
[0m23:35:40.558479 [debug] [Thread-2 (]: Finished running node test.online_teletherapy_signups.source_unique_md_log_visitor_mduid.9c547abf76
[0m23:35:40.566707 [debug] [Thread-1 (]: Writing injected SQL for node "test.online_teletherapy_signups.accepted_values_stg_bh__goals_stat_affiliate_info1__fm__md__pm__rd.ca82a8c5f5"
[0m23:35:40.567681 [debug] [Thread-4 (]: Finished running node test.online_teletherapy_signups.accepted_values_stg_bh__goals_goal_name__User_Signup__Trial_Converted.684e254115
[0m23:35:40.568182 [debug] [Thread-3 (]: Re-using an available connection from the pool (formerly test.online_teletherapy_signups.source_unique_md_log_visitor_id.e4529de181, now test.online_teletherapy_signups.accepted_values_stg_bh__goals_stat_affiliate_info2__email__mobile_app__mobile_web__desktop_web.373abaccf0)
[0m23:35:40.568702 [debug] [Thread-2 (]: Began running node test.online_teletherapy_signups.not_null_stg_bh__goals_conversion_at_est.01b753f48c
[0m23:35:40.569348 [debug] [Thread-4 (]: Began running node test.online_teletherapy_signups.not_null_stg_bh__goals_conversion_at_utc.e5d214c9b0
[0m23:35:40.569893 [debug] [Thread-3 (]: Began compiling node test.online_teletherapy_signups.accepted_values_stg_bh__goals_stat_affiliate_info2__email__mobile_app__mobile_web__desktop_web.373abaccf0
[0m23:35:40.570311 [debug] [Thread-1 (]: Began executing node test.online_teletherapy_signups.accepted_values_stg_bh__goals_stat_affiliate_info1__fm__md__pm__rd.ca82a8c5f5
[0m23:35:40.570801 [debug] [Thread-2 (]: Re-using an available connection from the pool (formerly test.online_teletherapy_signups.source_unique_md_log_visitor_mduid.9c547abf76, now test.online_teletherapy_signups.not_null_stg_bh__goals_conversion_at_est.01b753f48c)
[0m23:35:40.571287 [debug] [Thread-4 (]: Re-using an available connection from the pool (formerly test.online_teletherapy_signups.accepted_values_stg_bh__goals_goal_name__User_Signup__Trial_Converted.684e254115, now test.online_teletherapy_signups.not_null_stg_bh__goals_conversion_at_utc.e5d214c9b0)
[0m23:35:40.576319 [debug] [Thread-3 (]: Writing injected SQL for node "test.online_teletherapy_signups.accepted_values_stg_bh__goals_stat_affiliate_info2__email__mobile_app__mobile_web__desktop_web.373abaccf0"
[0m23:35:40.576862 [debug] [Thread-1 (]: Opening a new connection, currently in state closed
[0m23:35:40.577291 [debug] [Thread-2 (]: Began compiling node test.online_teletherapy_signups.not_null_stg_bh__goals_conversion_at_est.01b753f48c
[0m23:35:40.577698 [debug] [Thread-4 (]: Began compiling node test.online_teletherapy_signups.not_null_stg_bh__goals_conversion_at_utc.e5d214c9b0
[0m23:35:40.583073 [debug] [Thread-2 (]: Writing injected SQL for node "test.online_teletherapy_signups.not_null_stg_bh__goals_conversion_at_est.01b753f48c"
[0m23:35:40.584519 [debug] [Thread-3 (]: Began executing node test.online_teletherapy_signups.accepted_values_stg_bh__goals_stat_affiliate_info2__email__mobile_app__mobile_web__desktop_web.373abaccf0
[0m23:35:40.585440 [debug] [Thread-1 (]: Finished running node test.online_teletherapy_signups.accepted_values_stg_bh__goals_stat_affiliate_info1__fm__md__pm__rd.ca82a8c5f5
[0m23:35:40.590107 [debug] [Thread-4 (]: Writing injected SQL for node "test.online_teletherapy_signups.not_null_stg_bh__goals_conversion_at_utc.e5d214c9b0"
[0m23:35:40.590756 [debug] [Thread-3 (]: Opening a new connection, currently in state closed
[0m23:35:40.591332 [debug] [Thread-2 (]: Began executing node test.online_teletherapy_signups.not_null_stg_bh__goals_conversion_at_est.01b753f48c
[0m23:35:40.591790 [debug] [Thread-1 (]: Began running node test.online_teletherapy_signups.not_null_stg_bh__goals_goal_id.a26eb288e8
[0m23:35:40.592682 [debug] [Thread-2 (]: Opening a new connection, currently in state closed
[0m23:35:40.594575 [debug] [Thread-3 (]: Finished running node test.online_teletherapy_signups.accepted_values_stg_bh__goals_stat_affiliate_info2__email__mobile_app__mobile_web__desktop_web.373abaccf0
[0m23:35:40.594956 [debug] [Thread-4 (]: Began executing node test.online_teletherapy_signups.not_null_stg_bh__goals_conversion_at_utc.e5d214c9b0
[0m23:35:40.595424 [debug] [Thread-1 (]: Re-using an available connection from the pool (formerly test.online_teletherapy_signups.accepted_values_stg_bh__goals_stat_affiliate_info1__fm__md__pm__rd.ca82a8c5f5, now test.online_teletherapy_signups.not_null_stg_bh__goals_goal_id.a26eb288e8)
[0m23:35:40.600558 [debug] [Thread-2 (]: Finished running node test.online_teletherapy_signups.not_null_stg_bh__goals_conversion_at_est.01b753f48c
[0m23:35:40.601590 [debug] [Thread-3 (]: Began running node test.online_teletherapy_signups.not_null_stg_bh__goals_goal_name.ea76e9bc30
[0m23:35:40.602642 [debug] [Thread-4 (]: Opening a new connection, currently in state closed
[0m23:35:40.603457 [debug] [Thread-1 (]: Began compiling node test.online_teletherapy_signups.not_null_stg_bh__goals_goal_id.a26eb288e8
[0m23:35:40.604435 [debug] [Thread-2 (]: Began running node test.online_teletherapy_signups.not_null_stg_bh__goals_stat_ad_id.51f3487f63
[0m23:35:40.605502 [debug] [Thread-3 (]: Re-using an available connection from the pool (formerly test.online_teletherapy_signups.accepted_values_stg_bh__goals_stat_affiliate_info2__email__mobile_app__mobile_web__desktop_web.373abaccf0, now test.online_teletherapy_signups.not_null_stg_bh__goals_goal_name.ea76e9bc30)
[0m23:35:40.614958 [debug] [Thread-4 (]: Finished running node test.online_teletherapy_signups.not_null_stg_bh__goals_conversion_at_utc.e5d214c9b0
[0m23:35:40.615568 [debug] [Thread-1 (]: Writing injected SQL for node "test.online_teletherapy_signups.not_null_stg_bh__goals_goal_id.a26eb288e8"
[0m23:35:40.616064 [debug] [Thread-2 (]: Re-using an available connection from the pool (formerly test.online_teletherapy_signups.not_null_stg_bh__goals_conversion_at_est.01b753f48c, now test.online_teletherapy_signups.not_null_stg_bh__goals_stat_ad_id.51f3487f63)
[0m23:35:40.616509 [debug] [Thread-3 (]: Began compiling node test.online_teletherapy_signups.not_null_stg_bh__goals_goal_name.ea76e9bc30
[0m23:35:40.616971 [debug] [Thread-4 (]: Began running node test.online_teletherapy_signups.not_null_stg_bh__goals_stat_affiliate_info1.bd45898155
[0m23:35:40.617597 [debug] [Thread-2 (]: Began compiling node test.online_teletherapy_signups.not_null_stg_bh__goals_stat_ad_id.51f3487f63
[0m23:35:40.622664 [debug] [Thread-3 (]: Writing injected SQL for node "test.online_teletherapy_signups.not_null_stg_bh__goals_goal_name.ea76e9bc30"
[0m23:35:40.623136 [debug] [Thread-1 (]: Began executing node test.online_teletherapy_signups.not_null_stg_bh__goals_goal_id.a26eb288e8
[0m23:35:40.623645 [debug] [Thread-4 (]: Re-using an available connection from the pool (formerly test.online_teletherapy_signups.not_null_stg_bh__goals_conversion_at_utc.e5d214c9b0, now test.online_teletherapy_signups.not_null_stg_bh__goals_stat_affiliate_info1.bd45898155)
[0m23:35:40.628363 [debug] [Thread-2 (]: Writing injected SQL for node "test.online_teletherapy_signups.not_null_stg_bh__goals_stat_ad_id.51f3487f63"
[0m23:35:40.629136 [debug] [Thread-1 (]: Opening a new connection, currently in state closed
[0m23:35:40.629637 [debug] [Thread-4 (]: Began compiling node test.online_teletherapy_signups.not_null_stg_bh__goals_stat_affiliate_info1.bd45898155
[0m23:35:40.630048 [debug] [Thread-3 (]: Began executing node test.online_teletherapy_signups.not_null_stg_bh__goals_goal_name.ea76e9bc30
[0m23:35:40.635248 [debug] [Thread-4 (]: Writing injected SQL for node "test.online_teletherapy_signups.not_null_stg_bh__goals_stat_affiliate_info1.bd45898155"
[0m23:35:40.637193 [debug] [Thread-1 (]: Finished running node test.online_teletherapy_signups.not_null_stg_bh__goals_goal_id.a26eb288e8
[0m23:35:40.637585 [debug] [Thread-2 (]: Began executing node test.online_teletherapy_signups.not_null_stg_bh__goals_stat_ad_id.51f3487f63
[0m23:35:40.638049 [debug] [Thread-3 (]: Opening a new connection, currently in state closed
[0m23:35:40.638626 [debug] [Thread-1 (]: Began running node test.online_teletherapy_signups.not_null_stg_bh__goals_stat_affiliate_info2.013b751562
[0m23:35:40.639188 [debug] [Thread-2 (]: Opening a new connection, currently in state closed
[0m23:35:40.639733 [debug] [Thread-4 (]: Began executing node test.online_teletherapy_signups.not_null_stg_bh__goals_stat_affiliate_info1.bd45898155
[0m23:35:40.640156 [debug] [Thread-1 (]: Re-using an available connection from the pool (formerly test.online_teletherapy_signups.not_null_stg_bh__goals_goal_id.a26eb288e8, now test.online_teletherapy_signups.not_null_stg_bh__goals_stat_affiliate_info2.013b751562)
[0m23:35:40.641954 [debug] [Thread-3 (]: Finished running node test.online_teletherapy_signups.not_null_stg_bh__goals_goal_name.ea76e9bc30
[0m23:35:40.643828 [debug] [Thread-2 (]: Finished running node test.online_teletherapy_signups.not_null_stg_bh__goals_stat_ad_id.51f3487f63
[0m23:35:40.644269 [debug] [Thread-4 (]: Opening a new connection, currently in state closed
[0m23:35:40.644681 [debug] [Thread-1 (]: Began compiling node test.online_teletherapy_signups.not_null_stg_bh__goals_stat_affiliate_info2.013b751562
[0m23:35:40.645121 [debug] [Thread-3 (]: Began running node test.online_teletherapy_signups.unique_stg_bh__goals_goal_id.6b3f098cb7
[0m23:35:40.645622 [debug] [Thread-2 (]: Began running node test.online_teletherapy_signups.accepted_values_stg_md__tests_channel__web__mobile_web__mobile.28eddf76ae
[0m23:35:40.647610 [debug] [Thread-4 (]: Finished running node test.online_teletherapy_signups.not_null_stg_bh__goals_stat_affiliate_info1.bd45898155
[0m23:35:40.653451 [debug] [Thread-1 (]: Writing injected SQL for node "test.online_teletherapy_signups.not_null_stg_bh__goals_stat_affiliate_info2.013b751562"
[0m23:35:40.653989 [debug] [Thread-3 (]: Re-using an available connection from the pool (formerly test.online_teletherapy_signups.not_null_stg_bh__goals_goal_name.ea76e9bc30, now test.online_teletherapy_signups.unique_stg_bh__goals_goal_id.6b3f098cb7)
[0m23:35:40.654446 [debug] [Thread-2 (]: Re-using an available connection from the pool (formerly test.online_teletherapy_signups.not_null_stg_bh__goals_stat_ad_id.51f3487f63, now test.online_teletherapy_signups.accepted_values_stg_md__tests_channel__web__mobile_web__mobile.28eddf76ae)
[0m23:35:40.654924 [debug] [Thread-4 (]: Began running node test.online_teletherapy_signups.dbt_utils_expression_is_true_stg_md__tests_completed__in_true_false_.270ea4876a
[0m23:35:40.655556 [debug] [Thread-3 (]: Began compiling node test.online_teletherapy_signups.unique_stg_bh__goals_goal_id.6b3f098cb7
[0m23:35:40.656005 [debug] [Thread-2 (]: Began compiling node test.online_teletherapy_signups.accepted_values_stg_md__tests_channel__web__mobile_web__mobile.28eddf76ae
[0m23:35:40.656532 [debug] [Thread-4 (]: Re-using an available connection from the pool (formerly test.online_teletherapy_signups.not_null_stg_bh__goals_stat_affiliate_info1.bd45898155, now test.online_teletherapy_signups.dbt_utils_expression_is_true_stg_md__tests_completed__in_true_false_.270ea4876a)
[0m23:35:40.657003 [debug] [Thread-1 (]: Began executing node test.online_teletherapy_signups.not_null_stg_bh__goals_stat_affiliate_info2.013b751562
[0m23:35:40.661796 [debug] [Thread-3 (]: Writing injected SQL for node "test.online_teletherapy_signups.unique_stg_bh__goals_goal_id.6b3f098cb7"
[0m23:35:40.666420 [debug] [Thread-2 (]: Writing injected SQL for node "test.online_teletherapy_signups.accepted_values_stg_md__tests_channel__web__mobile_web__mobile.28eddf76ae"
[0m23:35:40.666877 [debug] [Thread-4 (]: Began compiling node test.online_teletherapy_signups.dbt_utils_expression_is_true_stg_md__tests_completed__in_true_false_.270ea4876a
[0m23:35:40.667315 [debug] [Thread-1 (]: Opening a new connection, currently in state closed
[0m23:35:40.674424 [debug] [Thread-3 (]: Began executing node test.online_teletherapy_signups.unique_stg_bh__goals_goal_id.6b3f098cb7
[0m23:35:40.674993 [debug] [Thread-4 (]: Writing injected SQL for node "test.online_teletherapy_signups.dbt_utils_expression_is_true_stg_md__tests_completed__in_true_false_.270ea4876a"
[0m23:35:40.675519 [debug] [Thread-2 (]: Began executing node test.online_teletherapy_signups.accepted_values_stg_md__tests_channel__web__mobile_web__mobile.28eddf76ae
[0m23:35:40.677357 [debug] [Thread-1 (]: Finished running node test.online_teletherapy_signups.not_null_stg_bh__goals_stat_affiliate_info2.013b751562
[0m23:35:40.677789 [debug] [Thread-3 (]: Opening a new connection, currently in state closed
[0m23:35:40.678355 [debug] [Thread-2 (]: Opening a new connection, currently in state closed
[0m23:35:40.678903 [debug] [Thread-1 (]: Began running node test.online_teletherapy_signups.dbt_utils_expression_is_true_stg_md__tests_duration___0.76184ff0d9
[0m23:35:40.679362 [debug] [Thread-4 (]: Began executing node test.online_teletherapy_signups.dbt_utils_expression_is_true_stg_md__tests_completed__in_true_false_.270ea4876a
[0m23:35:40.681298 [debug] [Thread-3 (]: Finished running node test.online_teletherapy_signups.unique_stg_bh__goals_goal_id.6b3f098cb7
[0m23:35:40.683128 [debug] [Thread-2 (]: Finished running node test.online_teletherapy_signups.accepted_values_stg_md__tests_channel__web__mobile_web__mobile.28eddf76ae
[0m23:35:40.683564 [debug] [Thread-1 (]: Re-using an available connection from the pool (formerly test.online_teletherapy_signups.not_null_stg_bh__goals_stat_affiliate_info2.013b751562, now test.online_teletherapy_signups.dbt_utils_expression_is_true_stg_md__tests_duration___0.76184ff0d9)
[0m23:35:40.684017 [debug] [Thread-4 (]: Opening a new connection, currently in state closed
[0m23:35:40.684467 [debug] [Thread-3 (]: Began running node test.online_teletherapy_signups.dbt_utils_expression_is_true_stg_md__tests_site_id__in_0_1_2_4_.c4260db3cb
[0m23:35:40.684966 [debug] [Thread-2 (]: Began running node test.online_teletherapy_signups.dbt_utils_expression_is_true_stg_md__tests_updated_at___created_at.e5ad9cb8be
[0m23:35:40.685454 [debug] [Thread-1 (]: Began compiling node test.online_teletherapy_signups.dbt_utils_expression_is_true_stg_md__tests_duration___0.76184ff0d9
[0m23:35:40.686292 [debug] [Thread-3 (]: Re-using an available connection from the pool (formerly test.online_teletherapy_signups.unique_stg_bh__goals_goal_id.6b3f098cb7, now test.online_teletherapy_signups.dbt_utils_expression_is_true_stg_md__tests_site_id__in_0_1_2_4_.c4260db3cb)
[0m23:35:40.688049 [debug] [Thread-4 (]: Finished running node test.online_teletherapy_signups.dbt_utils_expression_is_true_stg_md__tests_completed__in_true_false_.270ea4876a
[0m23:35:40.688481 [debug] [Thread-2 (]: Re-using an available connection from the pool (formerly test.online_teletherapy_signups.accepted_values_stg_md__tests_channel__web__mobile_web__mobile.28eddf76ae, now test.online_teletherapy_signups.dbt_utils_expression_is_true_stg_md__tests_updated_at___created_at.e5ad9cb8be)
[0m23:35:40.693120 [debug] [Thread-1 (]: Writing injected SQL for node "test.online_teletherapy_signups.dbt_utils_expression_is_true_stg_md__tests_duration___0.76184ff0d9"
[0m23:35:40.693593 [debug] [Thread-3 (]: Began compiling node test.online_teletherapy_signups.dbt_utils_expression_is_true_stg_md__tests_site_id__in_0_1_2_4_.c4260db3cb
[0m23:35:40.694040 [debug] [Thread-4 (]: Began running node test.online_teletherapy_signups.not_null_stg_md__tests_channel.e45ccfc692
[0m23:35:40.694522 [debug] [Thread-2 (]: Began compiling node test.online_teletherapy_signups.dbt_utils_expression_is_true_stg_md__tests_updated_at___created_at.e5ad9cb8be
[0m23:35:40.700314 [debug] [Thread-3 (]: Writing injected SQL for node "test.online_teletherapy_signups.dbt_utils_expression_is_true_stg_md__tests_site_id__in_0_1_2_4_.c4260db3cb"
[0m23:35:40.701029 [debug] [Thread-4 (]: Re-using an available connection from the pool (formerly test.online_teletherapy_signups.dbt_utils_expression_is_true_stg_md__tests_completed__in_true_false_.270ea4876a, now test.online_teletherapy_signups.not_null_stg_md__tests_channel.e45ccfc692)
[0m23:35:40.706302 [debug] [Thread-2 (]: Writing injected SQL for node "test.online_teletherapy_signups.dbt_utils_expression_is_true_stg_md__tests_updated_at___created_at.e5ad9cb8be"
[0m23:35:40.706971 [debug] [Thread-1 (]: Began executing node test.online_teletherapy_signups.dbt_utils_expression_is_true_stg_md__tests_duration___0.76184ff0d9
[0m23:35:40.707871 [debug] [Thread-4 (]: Began compiling node test.online_teletherapy_signups.not_null_stg_md__tests_channel.e45ccfc692
[0m23:35:40.709071 [debug] [Thread-3 (]: Began executing node test.online_teletherapy_signups.dbt_utils_expression_is_true_stg_md__tests_site_id__in_0_1_2_4_.c4260db3cb
[0m23:35:40.709666 [debug] [Thread-1 (]: Opening a new connection, currently in state closed
[0m23:35:40.715666 [debug] [Thread-4 (]: Writing injected SQL for node "test.online_teletherapy_signups.not_null_stg_md__tests_channel.e45ccfc692"
[0m23:35:40.716197 [debug] [Thread-3 (]: Opening a new connection, currently in state closed
[0m23:35:40.716573 [debug] [Thread-2 (]: Began executing node test.online_teletherapy_signups.dbt_utils_expression_is_true_stg_md__tests_updated_at___created_at.e5ad9cb8be
[0m23:35:40.718606 [debug] [Thread-1 (]: Finished running node test.online_teletherapy_signups.dbt_utils_expression_is_true_stg_md__tests_duration___0.76184ff0d9
[0m23:35:40.719268 [debug] [Thread-4 (]: Began executing node test.online_teletherapy_signups.not_null_stg_md__tests_channel.e45ccfc692
[0m23:35:40.719771 [debug] [Thread-2 (]: Opening a new connection, currently in state closed
[0m23:35:40.721466 [debug] [Thread-3 (]: Finished running node test.online_teletherapy_signups.dbt_utils_expression_is_true_stg_md__tests_site_id__in_0_1_2_4_.c4260db3cb
[0m23:35:40.721917 [debug] [Thread-1 (]: Began running node test.online_teletherapy_signups.not_null_stg_md__tests_completed.3fc6207ab4
[0m23:35:40.722392 [debug] [Thread-4 (]: Opening a new connection, currently in state closed
[0m23:35:40.723023 [debug] [Thread-3 (]: Began running node test.online_teletherapy_signups.not_null_stg_md__tests_created_at.2fd39930b5
[0m23:35:40.724721 [debug] [Thread-2 (]: Finished running node test.online_teletherapy_signups.dbt_utils_expression_is_true_stg_md__tests_updated_at___created_at.e5ad9cb8be
[0m23:35:40.725217 [debug] [Thread-1 (]: Re-using an available connection from the pool (formerly test.online_teletherapy_signups.dbt_utils_expression_is_true_stg_md__tests_duration___0.76184ff0d9, now test.online_teletherapy_signups.not_null_stg_md__tests_completed.3fc6207ab4)
[0m23:35:40.725791 [debug] [Thread-3 (]: Re-using an available connection from the pool (formerly test.online_teletherapy_signups.dbt_utils_expression_is_true_stg_md__tests_site_id__in_0_1_2_4_.c4260db3cb, now test.online_teletherapy_signups.not_null_stg_md__tests_created_at.2fd39930b5)
[0m23:35:40.727541 [debug] [Thread-4 (]: Finished running node test.online_teletherapy_signups.not_null_stg_md__tests_channel.e45ccfc692
[0m23:35:40.728003 [debug] [Thread-2 (]: Began running node test.online_teletherapy_signups.not_null_stg_md__tests_id.ead105ef3f
[0m23:35:40.728472 [debug] [Thread-1 (]: Began compiling node test.online_teletherapy_signups.not_null_stg_md__tests_completed.3fc6207ab4
[0m23:35:40.728884 [debug] [Thread-3 (]: Began compiling node test.online_teletherapy_signups.not_null_stg_md__tests_created_at.2fd39930b5
[0m23:35:40.729326 [debug] [Thread-4 (]: Began running node test.online_teletherapy_signups.not_null_stg_md__tests_ip_address.da791f0e10
[0m23:35:40.729824 [debug] [Thread-2 (]: Re-using an available connection from the pool (formerly test.online_teletherapy_signups.dbt_utils_expression_is_true_stg_md__tests_updated_at___created_at.e5ad9cb8be, now test.online_teletherapy_signups.not_null_stg_md__tests_id.ead105ef3f)
[0m23:35:40.734743 [debug] [Thread-1 (]: Writing injected SQL for node "test.online_teletherapy_signups.not_null_stg_md__tests_completed.3fc6207ab4"
[0m23:35:40.739117 [debug] [Thread-3 (]: Writing injected SQL for node "test.online_teletherapy_signups.not_null_stg_md__tests_created_at.2fd39930b5"
[0m23:35:40.739603 [debug] [Thread-4 (]: Re-using an available connection from the pool (formerly test.online_teletherapy_signups.not_null_stg_md__tests_channel.e45ccfc692, now test.online_teletherapy_signups.not_null_stg_md__tests_ip_address.da791f0e10)
[0m23:35:40.740029 [debug] [Thread-2 (]: Began compiling node test.online_teletherapy_signups.not_null_stg_md__tests_id.ead105ef3f
[0m23:35:40.740787 [debug] [Thread-4 (]: Began compiling node test.online_teletherapy_signups.not_null_stg_md__tests_ip_address.da791f0e10
[0m23:35:40.747908 [debug] [Thread-2 (]: Writing injected SQL for node "test.online_teletherapy_signups.not_null_stg_md__tests_id.ead105ef3f"
[0m23:35:40.748576 [debug] [Thread-1 (]: Began executing node test.online_teletherapy_signups.not_null_stg_md__tests_completed.3fc6207ab4
[0m23:35:40.754153 [debug] [Thread-4 (]: Writing injected SQL for node "test.online_teletherapy_signups.not_null_stg_md__tests_ip_address.da791f0e10"
[0m23:35:40.754644 [debug] [Thread-3 (]: Began executing node test.online_teletherapy_signups.not_null_stg_md__tests_created_at.2fd39930b5
[0m23:35:40.755265 [debug] [Thread-1 (]: Opening a new connection, currently in state closed
[0m23:35:40.755992 [debug] [Thread-3 (]: Opening a new connection, currently in state closed
[0m23:35:40.756414 [debug] [Thread-2 (]: Began executing node test.online_teletherapy_signups.not_null_stg_md__tests_id.ead105ef3f
[0m23:35:40.758418 [debug] [Thread-1 (]: Finished running node test.online_teletherapy_signups.not_null_stg_md__tests_completed.3fc6207ab4
[0m23:35:40.758794 [debug] [Thread-4 (]: Began executing node test.online_teletherapy_signups.not_null_stg_md__tests_ip_address.da791f0e10
[0m23:35:40.759419 [debug] [Thread-2 (]: Opening a new connection, currently in state closed
[0m23:35:40.761622 [debug] [Thread-3 (]: Finished running node test.online_teletherapy_signups.not_null_stg_md__tests_created_at.2fd39930b5
[0m23:35:40.762336 [debug] [Thread-1 (]: Began running node test.online_teletherapy_signups.not_null_stg_md__tests_site_id.f1c0551792
[0m23:35:40.762887 [debug] [Thread-4 (]: Opening a new connection, currently in state closed
[0m23:35:40.763539 [debug] [Thread-3 (]: Began running node test.online_teletherapy_signups.not_null_stg_md__tests_test_taken.3496d6c3c1
[0m23:35:40.765342 [debug] [Thread-2 (]: Finished running node test.online_teletherapy_signups.not_null_stg_md__tests_id.ead105ef3f
[0m23:35:40.765859 [debug] [Thread-1 (]: Re-using an available connection from the pool (formerly test.online_teletherapy_signups.not_null_stg_md__tests_completed.3fc6207ab4, now test.online_teletherapy_signups.not_null_stg_md__tests_site_id.f1c0551792)
[0m23:35:40.768007 [debug] [Thread-4 (]: Finished running node test.online_teletherapy_signups.not_null_stg_md__tests_ip_address.da791f0e10
[0m23:35:40.768443 [debug] [Thread-3 (]: Re-using an available connection from the pool (formerly test.online_teletherapy_signups.not_null_stg_md__tests_created_at.2fd39930b5, now test.online_teletherapy_signups.not_null_stg_md__tests_test_taken.3496d6c3c1)
[0m23:35:40.768899 [debug] [Thread-2 (]: Began running node test.online_teletherapy_signups.not_null_stg_md__tests_test_taken_id.ddacdac6a1
[0m23:35:40.769348 [debug] [Thread-1 (]: Began compiling node test.online_teletherapy_signups.not_null_stg_md__tests_site_id.f1c0551792
[0m23:35:40.769809 [debug] [Thread-4 (]: Began running node test.online_teletherapy_signups.not_null_stg_md__tests_updated_at.8f8ce7426b
[0m23:35:40.770259 [debug] [Thread-3 (]: Began compiling node test.online_teletherapy_signups.not_null_stg_md__tests_test_taken.3496d6c3c1
[0m23:35:40.770705 [debug] [Thread-2 (]: Re-using an available connection from the pool (formerly test.online_teletherapy_signups.not_null_stg_md__tests_id.ead105ef3f, now test.online_teletherapy_signups.not_null_stg_md__tests_test_taken_id.ddacdac6a1)
[0m23:35:40.775392 [debug] [Thread-1 (]: Writing injected SQL for node "test.online_teletherapy_signups.not_null_stg_md__tests_site_id.f1c0551792"
[0m23:35:40.775941 [debug] [Thread-4 (]: Re-using an available connection from the pool (formerly test.online_teletherapy_signups.not_null_stg_md__tests_ip_address.da791f0e10, now test.online_teletherapy_signups.not_null_stg_md__tests_updated_at.8f8ce7426b)
[0m23:35:40.780829 [debug] [Thread-3 (]: Writing injected SQL for node "test.online_teletherapy_signups.not_null_stg_md__tests_test_taken.3496d6c3c1"
[0m23:35:40.781330 [debug] [Thread-2 (]: Began compiling node test.online_teletherapy_signups.not_null_stg_md__tests_test_taken_id.ddacdac6a1
[0m23:35:40.781871 [debug] [Thread-4 (]: Began compiling node test.online_teletherapy_signups.not_null_stg_md__tests_updated_at.8f8ce7426b
[0m23:35:40.786550 [debug] [Thread-2 (]: Writing injected SQL for node "test.online_teletherapy_signups.not_null_stg_md__tests_test_taken_id.ddacdac6a1"
[0m23:35:40.787016 [debug] [Thread-1 (]: Began executing node test.online_teletherapy_signups.not_null_stg_md__tests_site_id.f1c0551792
[0m23:35:40.791801 [debug] [Thread-4 (]: Writing injected SQL for node "test.online_teletherapy_signups.not_null_stg_md__tests_updated_at.8f8ce7426b"
[0m23:35:40.792422 [debug] [Thread-3 (]: Began executing node test.online_teletherapy_signups.not_null_stg_md__tests_test_taken.3496d6c3c1
[0m23:35:40.792964 [debug] [Thread-1 (]: Opening a new connection, currently in state closed
[0m23:35:40.793377 [debug] [Thread-2 (]: Began executing node test.online_teletherapy_signups.not_null_stg_md__tests_test_taken_id.ddacdac6a1
[0m23:35:40.793922 [debug] [Thread-3 (]: Opening a new connection, currently in state closed
[0m23:35:40.794448 [debug] [Thread-4 (]: Began executing node test.online_teletherapy_signups.not_null_stg_md__tests_updated_at.8f8ce7426b
[0m23:35:40.796279 [debug] [Thread-1 (]: Finished running node test.online_teletherapy_signups.not_null_stg_md__tests_site_id.f1c0551792
[0m23:35:40.796689 [debug] [Thread-2 (]: Opening a new connection, currently in state closed
[0m23:35:40.798584 [debug] [Thread-3 (]: Finished running node test.online_teletherapy_signups.not_null_stg_md__tests_test_taken.3496d6c3c1
[0m23:35:40.799485 [debug] [Thread-4 (]: Opening a new connection, currently in state closed
[0m23:35:40.800594 [debug] [Thread-1 (]: Began running node test.online_teletherapy_signups.unique_stg_md__tests_id.cc0d7b8bc2
[0m23:35:40.801927 [debug] [Thread-3 (]: Began running node model.online_teletherapy_signups.int_visitors_resolved
[0m23:35:40.806269 [debug] [Thread-2 (]: Finished running node test.online_teletherapy_signups.not_null_stg_md__tests_test_taken_id.ddacdac6a1
[0m23:35:40.807419 [debug] [Thread-1 (]: Re-using an available connection from the pool (formerly test.online_teletherapy_signups.not_null_stg_md__tests_site_id.f1c0551792, now test.online_teletherapy_signups.unique_stg_md__tests_id.cc0d7b8bc2)
[0m23:35:40.810421 [debug] [Thread-4 (]: Finished running node test.online_teletherapy_signups.not_null_stg_md__tests_updated_at.8f8ce7426b
[0m23:35:40.811451 [debug] [Thread-3 (]: Re-using an available connection from the pool (formerly test.online_teletherapy_signups.not_null_stg_md__tests_test_taken.3496d6c3c1, now model.online_teletherapy_signups.int_visitors_resolved)
[0m23:35:40.812455 [debug] [Thread-2 (]: Began running node test.online_teletherapy_signups.accepted_values_stg_md__visitors_device_type__mobile__wearable__console__smarttv__tablet.7b3d3ee25f
[0m23:35:40.812946 [debug] [Thread-1 (]: Began compiling node test.online_teletherapy_signups.unique_stg_md__tests_id.cc0d7b8bc2
[0m23:35:40.813409 [debug] [Thread-4 (]: Began running node test.online_teletherapy_signups.dbt_utils_expression_is_true_stg_md__visitors_updated_at___created_at.02647eecd7
[0m23:35:40.813866 [debug] [Thread-3 (]: Began compiling node model.online_teletherapy_signups.int_visitors_resolved
[0m23:35:40.814326 [debug] [Thread-2 (]: Re-using an available connection from the pool (formerly test.online_teletherapy_signups.not_null_stg_md__tests_test_taken_id.ddacdac6a1, now test.online_teletherapy_signups.accepted_values_stg_md__visitors_device_type__mobile__wearable__console__smarttv__tablet.7b3d3ee25f)
[0m23:35:40.819004 [debug] [Thread-1 (]: Writing injected SQL for node "test.online_teletherapy_signups.unique_stg_md__tests_id.cc0d7b8bc2"
[0m23:35:40.819451 [debug] [Thread-4 (]: Re-using an available connection from the pool (formerly test.online_teletherapy_signups.not_null_stg_md__tests_updated_at.8f8ce7426b, now test.online_teletherapy_signups.dbt_utils_expression_is_true_stg_md__visitors_updated_at___created_at.02647eecd7)
[0m23:35:40.822519 [debug] [Thread-3 (]: Writing injected SQL for node "model.online_teletherapy_signups.int_visitors_resolved"
[0m23:35:40.822944 [debug] [Thread-2 (]: Began compiling node test.online_teletherapy_signups.accepted_values_stg_md__visitors_device_type__mobile__wearable__console__smarttv__tablet.7b3d3ee25f
[0m23:35:40.823488 [debug] [Thread-4 (]: Began compiling node test.online_teletherapy_signups.dbt_utils_expression_is_true_stg_md__visitors_updated_at___created_at.02647eecd7
[0m23:35:40.824114 [debug] [Thread-1 (]: Began executing node test.online_teletherapy_signups.unique_stg_md__tests_id.cc0d7b8bc2
[0m23:35:40.834436 [debug] [Thread-4 (]: Writing injected SQL for node "test.online_teletherapy_signups.dbt_utils_expression_is_true_stg_md__visitors_updated_at___created_at.02647eecd7"
[0m23:35:40.835016 [debug] [Thread-2 (]: Writing injected SQL for node "test.online_teletherapy_signups.accepted_values_stg_md__visitors_device_type__mobile__wearable__console__smarttv__tablet.7b3d3ee25f"
[0m23:35:40.835511 [debug] [Thread-1 (]: Opening a new connection, currently in state closed
[0m23:35:40.835873 [debug] [Thread-3 (]: Began executing node model.online_teletherapy_signups.int_visitors_resolved
[0m23:35:40.836758 [debug] [Thread-2 (]: Began executing node test.online_teletherapy_signups.accepted_values_stg_md__visitors_device_type__mobile__wearable__console__smarttv__tablet.7b3d3ee25f
[0m23:35:40.837263 [debug] [Thread-3 (]: Opening a new connection, currently in state closed
[0m23:35:40.838873 [debug] [Thread-1 (]: Finished running node test.online_teletherapy_signups.unique_stg_md__tests_id.cc0d7b8bc2
[0m23:35:40.839189 [debug] [Thread-4 (]: Began executing node test.online_teletherapy_signups.dbt_utils_expression_is_true_stg_md__visitors_updated_at___created_at.02647eecd7
[0m23:35:40.839566 [debug] [Thread-2 (]: Opening a new connection, currently in state closed
[0m23:35:40.841068 [debug] [Thread-3 (]: Finished running node model.online_teletherapy_signups.int_visitors_resolved
[0m23:35:40.841438 [debug] [Thread-1 (]: Began running node test.online_teletherapy_signups.not_null_stg_md__visitors_created_at.d3edd0a433
[0m23:35:40.841839 [debug] [Thread-4 (]: Opening a new connection, currently in state closed
[0m23:35:40.843369 [debug] [Thread-2 (]: Finished running node test.online_teletherapy_signups.accepted_values_stg_md__visitors_device_type__mobile__wearable__console__smarttv__tablet.7b3d3ee25f
[0m23:35:40.843745 [debug] [Thread-3 (]: Began running node test.online_teletherapy_signups.not_null_stg_md__visitors_id.2772ef3539
[0m23:35:40.844196 [debug] [Thread-1 (]: Re-using an available connection from the pool (formerly test.online_teletherapy_signups.unique_stg_md__tests_id.cc0d7b8bc2, now test.online_teletherapy_signups.not_null_stg_md__visitors_created_at.d3edd0a433)
[0m23:35:40.845725 [debug] [Thread-4 (]: Finished running node test.online_teletherapy_signups.dbt_utils_expression_is_true_stg_md__visitors_updated_at___created_at.02647eecd7
[0m23:35:40.846142 [debug] [Thread-2 (]: Began running node test.online_teletherapy_signups.not_null_stg_md__visitors_ip_address.cfa03621c4
[0m23:35:40.846542 [debug] [Thread-3 (]: Re-using an available connection from the pool (formerly model.online_teletherapy_signups.int_visitors_resolved, now test.online_teletherapy_signups.not_null_stg_md__visitors_id.2772ef3539)
[0m23:35:40.846907 [debug] [Thread-1 (]: Began compiling node test.online_teletherapy_signups.not_null_stg_md__visitors_created_at.d3edd0a433
[0m23:35:40.847278 [debug] [Thread-4 (]: Began running node test.online_teletherapy_signups.not_null_stg_md__visitors_mduid.62c761e0bf
[0m23:35:40.847675 [debug] [Thread-2 (]: Re-using an available connection from the pool (formerly test.online_teletherapy_signups.accepted_values_stg_md__visitors_device_type__mobile__wearable__console__smarttv__tablet.7b3d3ee25f, now test.online_teletherapy_signups.not_null_stg_md__visitors_ip_address.cfa03621c4)
[0m23:35:40.848040 [debug] [Thread-3 (]: Began compiling node test.online_teletherapy_signups.not_null_stg_md__visitors_id.2772ef3539
[0m23:35:40.853924 [debug] [Thread-1 (]: Writing injected SQL for node "test.online_teletherapy_signups.not_null_stg_md__visitors_created_at.d3edd0a433"
[0m23:35:40.854404 [debug] [Thread-4 (]: Re-using an available connection from the pool (formerly test.online_teletherapy_signups.dbt_utils_expression_is_true_stg_md__visitors_updated_at___created_at.02647eecd7, now test.online_teletherapy_signups.not_null_stg_md__visitors_mduid.62c761e0bf)
[0m23:35:40.854791 [debug] [Thread-2 (]: Began compiling node test.online_teletherapy_signups.not_null_stg_md__visitors_ip_address.cfa03621c4
[0m23:35:40.858790 [debug] [Thread-3 (]: Writing injected SQL for node "test.online_teletherapy_signups.not_null_stg_md__visitors_id.2772ef3539"
[0m23:35:40.859525 [debug] [Thread-4 (]: Began compiling node test.online_teletherapy_signups.not_null_stg_md__visitors_mduid.62c761e0bf
[0m23:35:40.864744 [debug] [Thread-2 (]: Writing injected SQL for node "test.online_teletherapy_signups.not_null_stg_md__visitors_ip_address.cfa03621c4"
[0m23:35:40.869459 [debug] [Thread-4 (]: Writing injected SQL for node "test.online_teletherapy_signups.not_null_stg_md__visitors_mduid.62c761e0bf"
[0m23:35:40.869934 [debug] [Thread-1 (]: Began executing node test.online_teletherapy_signups.not_null_stg_md__visitors_created_at.d3edd0a433
[0m23:35:40.870447 [debug] [Thread-3 (]: Began executing node test.online_teletherapy_signups.not_null_stg_md__visitors_id.2772ef3539
[0m23:35:40.871024 [debug] [Thread-1 (]: Opening a new connection, currently in state closed
[0m23:35:40.871506 [debug] [Thread-3 (]: Opening a new connection, currently in state closed
[0m23:35:40.871914 [debug] [Thread-2 (]: Began executing node test.online_teletherapy_signups.not_null_stg_md__visitors_ip_address.cfa03621c4
[0m23:35:40.872511 [debug] [Thread-4 (]: Began executing node test.online_teletherapy_signups.not_null_stg_md__visitors_mduid.62c761e0bf
[0m23:35:40.874323 [debug] [Thread-1 (]: Finished running node test.online_teletherapy_signups.not_null_stg_md__visitors_created_at.d3edd0a433
[0m23:35:40.874690 [debug] [Thread-2 (]: Opening a new connection, currently in state closed
[0m23:35:40.876613 [debug] [Thread-3 (]: Finished running node test.online_teletherapy_signups.not_null_stg_md__visitors_id.2772ef3539
[0m23:35:40.877069 [debug] [Thread-4 (]: Opening a new connection, currently in state closed
[0m23:35:40.877505 [debug] [Thread-1 (]: Began running node test.online_teletherapy_signups.not_null_stg_md__visitors_updated_at.7f65e2acc6
[0m23:35:40.878080 [debug] [Thread-3 (]: Began running node test.online_teletherapy_signups.not_null_stg_md__visitors_user_agent.ff4b9137a7
[0m23:35:40.879923 [debug] [Thread-2 (]: Finished running node test.online_teletherapy_signups.not_null_stg_md__visitors_ip_address.cfa03621c4
[0m23:35:40.880413 [debug] [Thread-1 (]: Re-using an available connection from the pool (formerly test.online_teletherapy_signups.not_null_stg_md__visitors_created_at.d3edd0a433, now test.online_teletherapy_signups.not_null_stg_md__visitors_updated_at.7f65e2acc6)
[0m23:35:40.882078 [debug] [Thread-4 (]: Finished running node test.online_teletherapy_signups.not_null_stg_md__visitors_mduid.62c761e0bf
[0m23:35:40.882497 [debug] [Thread-3 (]: Re-using an available connection from the pool (formerly test.online_teletherapy_signups.not_null_stg_md__visitors_id.2772ef3539, now test.online_teletherapy_signups.not_null_stg_md__visitors_user_agent.ff4b9137a7)
[0m23:35:40.882939 [debug] [Thread-2 (]: Began running node test.online_teletherapy_signups.unique_stg_md__visitors_id.74941dde3a
[0m23:35:40.883389 [debug] [Thread-1 (]: Began compiling node test.online_teletherapy_signups.not_null_stg_md__visitors_updated_at.7f65e2acc6
[0m23:35:40.883820 [debug] [Thread-4 (]: Began running node test.online_teletherapy_signups.unique_stg_md__visitors_mduid.71538a0e22
[0m23:35:40.884241 [debug] [Thread-3 (]: Began compiling node test.online_teletherapy_signups.not_null_stg_md__visitors_user_agent.ff4b9137a7
[0m23:35:40.884662 [debug] [Thread-2 (]: Re-using an available connection from the pool (formerly test.online_teletherapy_signups.not_null_stg_md__visitors_ip_address.cfa03621c4, now test.online_teletherapy_signups.unique_stg_md__visitors_id.74941dde3a)
[0m23:35:40.889161 [debug] [Thread-1 (]: Writing injected SQL for node "test.online_teletherapy_signups.not_null_stg_md__visitors_updated_at.7f65e2acc6"
[0m23:35:40.889735 [debug] [Thread-4 (]: Re-using an available connection from the pool (formerly test.online_teletherapy_signups.not_null_stg_md__visitors_mduid.62c761e0bf, now test.online_teletherapy_signups.unique_stg_md__visitors_mduid.71538a0e22)
[0m23:35:40.896116 [debug] [Thread-3 (]: Writing injected SQL for node "test.online_teletherapy_signups.not_null_stg_md__visitors_user_agent.ff4b9137a7"
[0m23:35:40.896605 [debug] [Thread-2 (]: Began compiling node test.online_teletherapy_signups.unique_stg_md__visitors_id.74941dde3a
[0m23:35:40.897120 [debug] [Thread-4 (]: Began compiling node test.online_teletherapy_signups.unique_stg_md__visitors_mduid.71538a0e22
[0m23:35:40.902959 [debug] [Thread-1 (]: Began executing node test.online_teletherapy_signups.not_null_stg_md__visitors_updated_at.7f65e2acc6
[0m23:35:40.904951 [debug] [Thread-2 (]: Writing injected SQL for node "test.online_teletherapy_signups.unique_stg_md__visitors_id.74941dde3a"
[0m23:35:40.910109 [debug] [Thread-4 (]: Writing injected SQL for node "test.online_teletherapy_signups.unique_stg_md__visitors_mduid.71538a0e22"
[0m23:35:40.910582 [debug] [Thread-3 (]: Began executing node test.online_teletherapy_signups.not_null_stg_md__visitors_user_agent.ff4b9137a7
[0m23:35:40.911091 [debug] [Thread-1 (]: Opening a new connection, currently in state closed
[0m23:35:40.911866 [debug] [Thread-3 (]: Opening a new connection, currently in state closed
[0m23:35:40.912767 [debug] [Thread-4 (]: Began executing node test.online_teletherapy_signups.unique_stg_md__visitors_mduid.71538a0e22
[0m23:35:40.913172 [debug] [Thread-2 (]: Began executing node test.online_teletherapy_signups.unique_stg_md__visitors_id.74941dde3a
[0m23:35:40.915228 [debug] [Thread-1 (]: Finished running node test.online_teletherapy_signups.not_null_stg_md__visitors_updated_at.7f65e2acc6
[0m23:35:40.915701 [debug] [Thread-4 (]: Opening a new connection, currently in state closed
[0m23:35:40.916180 [debug] [Thread-2 (]: Opening a new connection, currently in state closed
[0m23:35:40.917884 [debug] [Thread-3 (]: Finished running node test.online_teletherapy_signups.not_null_stg_md__visitors_user_agent.ff4b9137a7
[0m23:35:40.918340 [debug] [Thread-1 (]: Began running node model.online_teletherapy_signups.dim_visitors
[0m23:35:40.920157 [debug] [Thread-4 (]: Finished running node test.online_teletherapy_signups.unique_stg_md__visitors_mduid.71538a0e22
[0m23:35:40.921887 [debug] [Thread-2 (]: Finished running node test.online_teletherapy_signups.unique_stg_md__visitors_id.74941dde3a
[0m23:35:40.922427 [debug] [Thread-1 (]: Re-using an available connection from the pool (formerly test.online_teletherapy_signups.not_null_stg_md__visitors_updated_at.7f65e2acc6, now model.online_teletherapy_signups.dim_visitors)
[0m23:35:40.923135 [debug] [Thread-1 (]: Began compiling node model.online_teletherapy_signups.dim_visitors
[0m23:35:40.927828 [debug] [Thread-1 (]: Writing injected SQL for node "model.online_teletherapy_signups.dim_visitors"
[0m23:35:40.928614 [debug] [Thread-1 (]: Began executing node model.online_teletherapy_signups.dim_visitors
[0m23:35:40.929043 [debug] [Thread-1 (]: Opening a new connection, currently in state closed
[0m23:35:40.930933 [debug] [Thread-1 (]: Finished running node model.online_teletherapy_signups.dim_visitors
[0m23:35:40.931798 [debug] [Thread-3 (]: Began running node model.online_teletherapy_signups.fact_conversions
[0m23:35:40.932288 [debug] [Thread-4 (]: Began running node model.online_teletherapy_signups.fact_tests
[0m23:35:40.932667 [debug] [Thread-3 (]: Re-using an available connection from the pool (formerly test.online_teletherapy_signups.not_null_stg_md__visitors_user_agent.ff4b9137a7, now model.online_teletherapy_signups.fact_conversions)
[0m23:35:40.933035 [debug] [Thread-2 (]: Began running node test.online_teletherapy_signups.not_null_dim_visitors_first_seen_at_utc.6b1d99fa25
[0m23:35:40.933446 [debug] [Thread-1 (]: Began running node test.online_teletherapy_signups.not_null_dim_visitors_last_seen_at_utc.e4b1424172
[0m23:35:40.933826 [debug] [Thread-4 (]: Re-using an available connection from the pool (formerly test.online_teletherapy_signups.unique_stg_md__visitors_mduid.71538a0e22, now model.online_teletherapy_signups.fact_tests)
[0m23:35:40.934236 [debug] [Thread-3 (]: Began compiling node model.online_teletherapy_signups.fact_conversions
[0m23:35:40.934647 [debug] [Thread-2 (]: Re-using an available connection from the pool (formerly test.online_teletherapy_signups.unique_stg_md__visitors_id.74941dde3a, now test.online_teletherapy_signups.not_null_dim_visitors_first_seen_at_utc.6b1d99fa25)
[0m23:35:40.935062 [debug] [Thread-1 (]: Re-using an available connection from the pool (formerly model.online_teletherapy_signups.dim_visitors, now test.online_teletherapy_signups.not_null_dim_visitors_last_seen_at_utc.e4b1424172)
[0m23:35:40.935463 [debug] [Thread-4 (]: Began compiling node model.online_teletherapy_signups.fact_tests
[0m23:35:40.941067 [debug] [Thread-3 (]: Writing injected SQL for node "model.online_teletherapy_signups.fact_conversions"
[0m23:35:40.941570 [debug] [Thread-2 (]: Began compiling node test.online_teletherapy_signups.not_null_dim_visitors_first_seen_at_utc.6b1d99fa25
[0m23:35:40.941976 [debug] [Thread-1 (]: Began compiling node test.online_teletherapy_signups.not_null_dim_visitors_last_seen_at_utc.e4b1424172
[0m23:35:40.945711 [debug] [Thread-4 (]: Writing injected SQL for node "model.online_teletherapy_signups.fact_tests"
[0m23:35:40.952683 [debug] [Thread-2 (]: Writing injected SQL for node "test.online_teletherapy_signups.not_null_dim_visitors_first_seen_at_utc.6b1d99fa25"
[0m23:35:40.959085 [debug] [Thread-3 (]: Began executing node model.online_teletherapy_signups.fact_conversions
[0m23:35:40.963164 [debug] [Thread-1 (]: Writing injected SQL for node "test.online_teletherapy_signups.not_null_dim_visitors_last_seen_at_utc.e4b1424172"
[0m23:35:40.964096 [debug] [Thread-3 (]: Opening a new connection, currently in state closed
[0m23:35:40.964535 [debug] [Thread-4 (]: Began executing node model.online_teletherapy_signups.fact_tests
[0m23:35:40.965141 [debug] [Thread-2 (]: Began executing node test.online_teletherapy_signups.not_null_dim_visitors_first_seen_at_utc.6b1d99fa25
[0m23:35:40.967050 [debug] [Thread-3 (]: Finished running node model.online_teletherapy_signups.fact_conversions
[0m23:35:40.967462 [debug] [Thread-1 (]: Began executing node test.online_teletherapy_signups.not_null_dim_visitors_last_seen_at_utc.e4b1424172
[0m23:35:40.967851 [debug] [Thread-4 (]: Opening a new connection, currently in state closed
[0m23:35:40.970569 [debug] [Thread-2 (]: Opening a new connection, currently in state closed
[0m23:35:40.971031 [debug] [Thread-3 (]: Began running node test.online_teletherapy_signups.not_null_dim_visitors_mduid.15f4799058
[0m23:35:40.971675 [debug] [Thread-1 (]: Opening a new connection, currently in state closed
[0m23:35:40.974802 [debug] [Thread-2 (]: Finished running node test.online_teletherapy_signups.not_null_dim_visitors_first_seen_at_utc.6b1d99fa25
[0m23:35:40.975587 [debug] [Thread-4 (]: Finished running node model.online_teletherapy_signups.fact_tests
[0m23:35:40.976009 [debug] [Thread-3 (]: Re-using an available connection from the pool (formerly model.online_teletherapy_signups.fact_conversions, now test.online_teletherapy_signups.not_null_dim_visitors_mduid.15f4799058)
[0m23:35:40.976606 [debug] [Thread-2 (]: Began running node test.online_teletherapy_signups.not_null_dim_visitors_visitor_key.04946faa3b
[0m23:35:40.978422 [debug] [Thread-1 (]: Finished running node test.online_teletherapy_signups.not_null_dim_visitors_last_seen_at_utc.e4b1424172
[0m23:35:40.978897 [debug] [Thread-4 (]: Began running node test.online_teletherapy_signups.unique_dim_visitors_mduid.5b4a206134
[0m23:35:40.979405 [debug] [Thread-3 (]: Began compiling node test.online_teletherapy_signups.not_null_dim_visitors_mduid.15f4799058
[0m23:35:40.980033 [debug] [Thread-2 (]: Re-using an available connection from the pool (formerly test.online_teletherapy_signups.not_null_dim_visitors_first_seen_at_utc.6b1d99fa25, now test.online_teletherapy_signups.not_null_dim_visitors_visitor_key.04946faa3b)
[0m23:35:40.980499 [debug] [Thread-1 (]: Began running node test.online_teletherapy_signups.unique_dim_visitors_visitor_key.210f9dfc23
[0m23:35:40.980960 [debug] [Thread-4 (]: Re-using an available connection from the pool (formerly model.online_teletherapy_signups.fact_tests, now test.online_teletherapy_signups.unique_dim_visitors_mduid.5b4a206134)
[0m23:35:40.985687 [debug] [Thread-3 (]: Writing injected SQL for node "test.online_teletherapy_signups.not_null_dim_visitors_mduid.15f4799058"
[0m23:35:40.986198 [debug] [Thread-2 (]: Began compiling node test.online_teletherapy_signups.not_null_dim_visitors_visitor_key.04946faa3b
[0m23:35:40.986664 [debug] [Thread-1 (]: Re-using an available connection from the pool (formerly test.online_teletherapy_signups.not_null_dim_visitors_last_seen_at_utc.e4b1424172, now test.online_teletherapy_signups.unique_dim_visitors_visitor_key.210f9dfc23)
[0m23:35:40.987079 [debug] [Thread-4 (]: Began compiling node test.online_teletherapy_signups.unique_dim_visitors_mduid.5b4a206134
[0m23:35:40.991818 [debug] [Thread-2 (]: Writing injected SQL for node "test.online_teletherapy_signups.not_null_dim_visitors_visitor_key.04946faa3b"
[0m23:35:40.992298 [debug] [Thread-1 (]: Began compiling node test.online_teletherapy_signups.unique_dim_visitors_visitor_key.210f9dfc23
[0m23:35:40.996969 [debug] [Thread-4 (]: Writing injected SQL for node "test.online_teletherapy_signups.unique_dim_visitors_mduid.5b4a206134"
[0m23:35:40.997575 [debug] [Thread-3 (]: Began executing node test.online_teletherapy_signups.not_null_dim_visitors_mduid.15f4799058
[0m23:35:41.005413 [debug] [Thread-1 (]: Writing injected SQL for node "test.online_teletherapy_signups.unique_dim_visitors_visitor_key.210f9dfc23"
[0m23:35:41.006204 [debug] [Thread-2 (]: Began executing node test.online_teletherapy_signups.not_null_dim_visitors_visitor_key.04946faa3b
[0m23:35:41.007268 [debug] [Thread-3 (]: Opening a new connection, currently in state closed
[0m23:35:41.008286 [debug] [Thread-2 (]: Opening a new connection, currently in state closed
[0m23:35:41.009095 [debug] [Thread-4 (]: Began executing node test.online_teletherapy_signups.unique_dim_visitors_mduid.5b4a206134
[0m23:35:41.010146 [debug] [Thread-1 (]: Began executing node test.online_teletherapy_signups.unique_dim_visitors_visitor_key.210f9dfc23
[0m23:35:41.012960 [debug] [Thread-3 (]: Finished running node test.online_teletherapy_signups.not_null_dim_visitors_mduid.15f4799058
[0m23:35:41.014786 [debug] [Thread-2 (]: Finished running node test.online_teletherapy_signups.not_null_dim_visitors_visitor_key.04946faa3b
[0m23:35:41.015220 [debug] [Thread-4 (]: Opening a new connection, currently in state closed
[0m23:35:41.015639 [debug] [Thread-1 (]: Opening a new connection, currently in state closed
[0m23:35:41.016076 [debug] [Thread-3 (]: Began running node test.online_teletherapy_signups.accepted_values_fact_conversions_goal_name__User_Signup__Trial_Converted.0ee4024780
[0m23:35:41.016579 [debug] [Thread-2 (]: Began running node test.online_teletherapy_signups.not_null_fact_conversions_conversion_at_utc.9c20e8739c
[0m23:35:41.018609 [debug] [Thread-4 (]: Finished running node test.online_teletherapy_signups.unique_dim_visitors_mduid.5b4a206134
[0m23:35:41.020692 [debug] [Thread-1 (]: Finished running node test.online_teletherapy_signups.unique_dim_visitors_visitor_key.210f9dfc23
[0m23:35:41.021180 [debug] [Thread-3 (]: Re-using an available connection from the pool (formerly test.online_teletherapy_signups.not_null_dim_visitors_mduid.15f4799058, now test.online_teletherapy_signups.accepted_values_fact_conversions_goal_name__User_Signup__Trial_Converted.0ee4024780)
[0m23:35:41.021616 [debug] [Thread-2 (]: Re-using an available connection from the pool (formerly test.online_teletherapy_signups.not_null_dim_visitors_visitor_key.04946faa3b, now test.online_teletherapy_signups.not_null_fact_conversions_conversion_at_utc.9c20e8739c)
[0m23:35:41.022064 [debug] [Thread-4 (]: Began running node test.online_teletherapy_signups.not_null_fact_conversions_conversion_key.783a75e7a8
[0m23:35:41.022554 [debug] [Thread-1 (]: Began running node test.online_teletherapy_signups.not_null_fact_conversions_goal_name.a1cda6f545
[0m23:35:41.022998 [debug] [Thread-3 (]: Began compiling node test.online_teletherapy_signups.accepted_values_fact_conversions_goal_name__User_Signup__Trial_Converted.0ee4024780
[0m23:35:41.023430 [debug] [Thread-2 (]: Began compiling node test.online_teletherapy_signups.not_null_fact_conversions_conversion_at_utc.9c20e8739c
[0m23:35:41.023862 [debug] [Thread-4 (]: Re-using an available connection from the pool (formerly test.online_teletherapy_signups.unique_dim_visitors_mduid.5b4a206134, now test.online_teletherapy_signups.not_null_fact_conversions_conversion_key.783a75e7a8)
[0m23:35:41.024289 [debug] [Thread-1 (]: Re-using an available connection from the pool (formerly test.online_teletherapy_signups.unique_dim_visitors_visitor_key.210f9dfc23, now test.online_teletherapy_signups.not_null_fact_conversions_goal_name.a1cda6f545)
[0m23:35:41.028987 [debug] [Thread-3 (]: Writing injected SQL for node "test.online_teletherapy_signups.accepted_values_fact_conversions_goal_name__User_Signup__Trial_Converted.0ee4024780"
[0m23:35:41.033728 [debug] [Thread-2 (]: Writing injected SQL for node "test.online_teletherapy_signups.not_null_fact_conversions_conversion_at_utc.9c20e8739c"
[0m23:35:41.034284 [debug] [Thread-4 (]: Began compiling node test.online_teletherapy_signups.not_null_fact_conversions_conversion_key.783a75e7a8
[0m23:35:41.034692 [debug] [Thread-1 (]: Began compiling node test.online_teletherapy_signups.not_null_fact_conversions_goal_name.a1cda6f545
[0m23:35:41.039615 [debug] [Thread-4 (]: Writing injected SQL for node "test.online_teletherapy_signups.not_null_fact_conversions_conversion_key.783a75e7a8"
[0m23:35:41.040098 [debug] [Thread-3 (]: Began executing node test.online_teletherapy_signups.accepted_values_fact_conversions_goal_name__User_Signup__Trial_Converted.0ee4024780
[0m23:35:41.046464 [debug] [Thread-2 (]: Began executing node test.online_teletherapy_signups.not_null_fact_conversions_conversion_at_utc.9c20e8739c
[0m23:35:41.047319 [debug] [Thread-1 (]: Writing injected SQL for node "test.online_teletherapy_signups.not_null_fact_conversions_goal_name.a1cda6f545"
[0m23:35:41.048004 [debug] [Thread-3 (]: Opening a new connection, currently in state closed
[0m23:35:41.048756 [debug] [Thread-2 (]: Opening a new connection, currently in state closed
[0m23:35:41.049404 [debug] [Thread-4 (]: Began executing node test.online_teletherapy_signups.not_null_fact_conversions_conversion_key.783a75e7a8
[0m23:35:41.051922 [debug] [Thread-3 (]: Finished running node test.online_teletherapy_signups.accepted_values_fact_conversions_goal_name__User_Signup__Trial_Converted.0ee4024780
[0m23:35:41.052502 [debug] [Thread-1 (]: Began executing node test.online_teletherapy_signups.not_null_fact_conversions_goal_name.a1cda6f545
[0m23:35:41.053199 [debug] [Thread-4 (]: Opening a new connection, currently in state closed
[0m23:35:41.056108 [debug] [Thread-2 (]: Finished running node test.online_teletherapy_signups.not_null_fact_conversions_conversion_at_utc.9c20e8739c
[0m23:35:41.056784 [debug] [Thread-3 (]: Began running node test.online_teletherapy_signups.relationships_fact_conversions_visitor_key__visitor_key__ref_dim_visitors_.5cf7faceee
[0m23:35:41.057549 [debug] [Thread-1 (]: Opening a new connection, currently in state closed
[0m23:35:41.058475 [debug] [Thread-2 (]: Began running node test.online_teletherapy_signups.unique_fact_conversions_conversion_key.699c429fad
[0m23:35:41.062713 [debug] [Thread-4 (]: Finished running node test.online_teletherapy_signups.not_null_fact_conversions_conversion_key.783a75e7a8
[0m23:35:41.063375 [debug] [Thread-3 (]: Re-using an available connection from the pool (formerly test.online_teletherapy_signups.accepted_values_fact_conversions_goal_name__User_Signup__Trial_Converted.0ee4024780, now test.online_teletherapy_signups.relationships_fact_conversions_visitor_key__visitor_key__ref_dim_visitors_.5cf7faceee)
[0m23:35:41.064075 [debug] [Thread-2 (]: Re-using an available connection from the pool (formerly test.online_teletherapy_signups.not_null_fact_conversions_conversion_at_utc.9c20e8739c, now test.online_teletherapy_signups.unique_fact_conversions_conversion_key.699c429fad)
[0m23:35:41.065868 [debug] [Thread-1 (]: Finished running node test.online_teletherapy_signups.not_null_fact_conversions_goal_name.a1cda6f545
[0m23:35:41.066342 [debug] [Thread-4 (]: Began running node model.online_teletherapy_signups.mart_visitor_traffic_type
[0m23:35:41.066835 [debug] [Thread-3 (]: Began compiling node test.online_teletherapy_signups.relationships_fact_conversions_visitor_key__visitor_key__ref_dim_visitors_.5cf7faceee
[0m23:35:41.067287 [debug] [Thread-2 (]: Began compiling node test.online_teletherapy_signups.unique_fact_conversions_conversion_key.699c429fad
[0m23:35:41.067760 [debug] [Thread-1 (]: Began running node test.online_teletherapy_signups.dbt_utils_expression_is_true_fact_tests_completed__in_true_false_.f37fd35558
[0m23:35:41.068319 [debug] [Thread-4 (]: Re-using an available connection from the pool (formerly test.online_teletherapy_signups.not_null_fact_conversions_conversion_key.783a75e7a8, now model.online_teletherapy_signups.mart_visitor_traffic_type)
[0m23:35:41.077906 [debug] [Thread-3 (]: Writing injected SQL for node "test.online_teletherapy_signups.relationships_fact_conversions_visitor_key__visitor_key__ref_dim_visitors_.5cf7faceee"
[0m23:35:41.082264 [debug] [Thread-2 (]: Writing injected SQL for node "test.online_teletherapy_signups.unique_fact_conversions_conversion_key.699c429fad"
[0m23:35:41.082816 [debug] [Thread-1 (]: Re-using an available connection from the pool (formerly test.online_teletherapy_signups.not_null_fact_conversions_goal_name.a1cda6f545, now test.online_teletherapy_signups.dbt_utils_expression_is_true_fact_tests_completed__in_true_false_.f37fd35558)
[0m23:35:41.083265 [debug] [Thread-4 (]: Began compiling node model.online_teletherapy_signups.mart_visitor_traffic_type
[0m23:35:41.084126 [debug] [Thread-1 (]: Began compiling node test.online_teletherapy_signups.dbt_utils_expression_is_true_fact_tests_completed__in_true_false_.f37fd35558
[0m23:35:41.088293 [debug] [Thread-4 (]: Writing injected SQL for node "model.online_teletherapy_signups.mart_visitor_traffic_type"
[0m23:35:41.088719 [debug] [Thread-3 (]: Began executing node test.online_teletherapy_signups.relationships_fact_conversions_visitor_key__visitor_key__ref_dim_visitors_.5cf7faceee
[0m23:35:41.089070 [debug] [Thread-2 (]: Began executing node test.online_teletherapy_signups.unique_fact_conversions_conversion_key.699c429fad
[0m23:35:41.094142 [debug] [Thread-1 (]: Writing injected SQL for node "test.online_teletherapy_signups.dbt_utils_expression_is_true_fact_tests_completed__in_true_false_.f37fd35558"
[0m23:35:41.094911 [debug] [Thread-3 (]: Opening a new connection, currently in state closed
[0m23:35:41.095474 [debug] [Thread-2 (]: Opening a new connection, currently in state closed
[0m23:35:41.095932 [debug] [Thread-4 (]: Began executing node model.online_teletherapy_signups.mart_visitor_traffic_type
[0m23:35:41.098385 [debug] [Thread-3 (]: Finished running node test.online_teletherapy_signups.relationships_fact_conversions_visitor_key__visitor_key__ref_dim_visitors_.5cf7faceee
[0m23:35:41.099038 [debug] [Thread-1 (]: Began executing node test.online_teletherapy_signups.dbt_utils_expression_is_true_fact_tests_completed__in_true_false_.f37fd35558
[0m23:35:41.099705 [debug] [Thread-4 (]: Opening a new connection, currently in state closed
[0m23:35:41.102247 [debug] [Thread-3 (]: Began running node test.online_teletherapy_signups.dbt_utils_expression_is_true_fact_tests_duration___0.aaa7ccaa25
[0m23:35:41.103789 [debug] [Thread-2 (]: Finished running node test.online_teletherapy_signups.unique_fact_conversions_conversion_key.699c429fad
[0m23:35:41.104440 [debug] [Thread-1 (]: Opening a new connection, currently in state closed
[0m23:35:41.105153 [debug] [Thread-3 (]: Re-using an available connection from the pool (formerly test.online_teletherapy_signups.relationships_fact_conversions_visitor_key__visitor_key__ref_dim_visitors_.5cf7faceee, now test.online_teletherapy_signups.dbt_utils_expression_is_true_fact_tests_duration___0.aaa7ccaa25)
[0m23:35:41.107329 [debug] [Thread-4 (]: Finished running node model.online_teletherapy_signups.mart_visitor_traffic_type
[0m23:35:41.107995 [debug] [Thread-2 (]: Began running node test.online_teletherapy_signups.not_null_fact_tests_completed.0234fd3e04
[0m23:35:41.109000 [debug] [Thread-3 (]: Began compiling node test.online_teletherapy_signups.dbt_utils_expression_is_true_fact_tests_duration___0.aaa7ccaa25
[0m23:35:41.111345 [debug] [Thread-1 (]: Finished running node test.online_teletherapy_signups.dbt_utils_expression_is_true_fact_tests_completed__in_true_false_.f37fd35558
[0m23:35:41.111850 [debug] [Thread-4 (]: Began running node test.online_teletherapy_signups.not_null_fact_tests_id.2b0d5ec61a
[0m23:35:41.112942 [debug] [Thread-2 (]: Re-using an available connection from the pool (formerly test.online_teletherapy_signups.unique_fact_conversions_conversion_key.699c429fad, now test.online_teletherapy_signups.not_null_fact_tests_completed.0234fd3e04)
[0m23:35:41.118688 [debug] [Thread-3 (]: Writing injected SQL for node "test.online_teletherapy_signups.dbt_utils_expression_is_true_fact_tests_duration___0.aaa7ccaa25"
[0m23:35:41.119298 [debug] [Thread-1 (]: Began running node test.online_teletherapy_signups.not_null_fact_tests_test_taken.bd247a00db
[0m23:35:41.119874 [debug] [Thread-4 (]: Re-using an available connection from the pool (formerly model.online_teletherapy_signups.mart_visitor_traffic_type, now test.online_teletherapy_signups.not_null_fact_tests_id.2b0d5ec61a)
[0m23:35:41.120381 [debug] [Thread-2 (]: Began compiling node test.online_teletherapy_signups.not_null_fact_tests_completed.0234fd3e04
[0m23:35:41.120982 [debug] [Thread-1 (]: Re-using an available connection from the pool (formerly test.online_teletherapy_signups.dbt_utils_expression_is_true_fact_tests_completed__in_true_false_.f37fd35558, now test.online_teletherapy_signups.not_null_fact_tests_test_taken.bd247a00db)
[0m23:35:41.121465 [debug] [Thread-4 (]: Began compiling node test.online_teletherapy_signups.not_null_fact_tests_id.2b0d5ec61a
[0m23:35:41.126335 [debug] [Thread-2 (]: Writing injected SQL for node "test.online_teletherapy_signups.not_null_fact_tests_completed.0234fd3e04"
[0m23:35:41.126822 [debug] [Thread-3 (]: Began executing node test.online_teletherapy_signups.dbt_utils_expression_is_true_fact_tests_duration___0.aaa7ccaa25
[0m23:35:41.127290 [debug] [Thread-1 (]: Began compiling node test.online_teletherapy_signups.not_null_fact_tests_test_taken.bd247a00db
[0m23:35:41.134128 [debug] [Thread-4 (]: Writing injected SQL for node "test.online_teletherapy_signups.not_null_fact_tests_id.2b0d5ec61a"
[0m23:35:41.134763 [debug] [Thread-3 (]: Opening a new connection, currently in state closed
[0m23:35:41.139603 [debug] [Thread-1 (]: Writing injected SQL for node "test.online_teletherapy_signups.not_null_fact_tests_test_taken.bd247a00db"
[0m23:35:41.140540 [debug] [Thread-2 (]: Began executing node test.online_teletherapy_signups.not_null_fact_tests_completed.0234fd3e04
[0m23:35:41.142481 [debug] [Thread-3 (]: Finished running node test.online_teletherapy_signups.dbt_utils_expression_is_true_fact_tests_duration___0.aaa7ccaa25
[0m23:35:41.142942 [debug] [Thread-4 (]: Began executing node test.online_teletherapy_signups.not_null_fact_tests_id.2b0d5ec61a
[0m23:35:41.143514 [debug] [Thread-2 (]: Opening a new connection, currently in state closed
[0m23:35:41.144054 [debug] [Thread-3 (]: Began running node test.online_teletherapy_signups.not_null_fact_tests_test_taken_at_utc.e9a0902ae6
[0m23:35:41.144586 [debug] [Thread-4 (]: Opening a new connection, currently in state closed
[0m23:35:41.144965 [debug] [Thread-1 (]: Began executing node test.online_teletherapy_signups.not_null_fact_tests_test_taken.bd247a00db
[0m23:35:41.146880 [debug] [Thread-2 (]: Finished running node test.online_teletherapy_signups.not_null_fact_tests_completed.0234fd3e04
[0m23:35:41.147328 [debug] [Thread-3 (]: Re-using an available connection from the pool (formerly test.online_teletherapy_signups.dbt_utils_expression_is_true_fact_tests_duration___0.aaa7ccaa25, now test.online_teletherapy_signups.not_null_fact_tests_test_taken_at_utc.e9a0902ae6)
[0m23:35:41.149881 [debug] [Thread-4 (]: Finished running node test.online_teletherapy_signups.not_null_fact_tests_id.2b0d5ec61a
[0m23:35:41.150615 [debug] [Thread-1 (]: Opening a new connection, currently in state closed
[0m23:35:41.151371 [debug] [Thread-2 (]: Began running node test.online_teletherapy_signups.not_null_fact_tests_visitor_key.e6a2b6acc4
[0m23:35:41.152124 [debug] [Thread-3 (]: Began compiling node test.online_teletherapy_signups.not_null_fact_tests_test_taken_at_utc.e9a0902ae6
[0m23:35:41.152897 [debug] [Thread-4 (]: Began running node test.online_teletherapy_signups.unique_fact_tests_id.8eac12c27a
[0m23:35:41.153845 [debug] [Thread-2 (]: Re-using an available connection from the pool (formerly test.online_teletherapy_signups.not_null_fact_tests_completed.0234fd3e04, now test.online_teletherapy_signups.not_null_fact_tests_visitor_key.e6a2b6acc4)
[0m23:35:41.156858 [debug] [Thread-1 (]: Finished running node test.online_teletherapy_signups.not_null_fact_tests_test_taken.bd247a00db
[0m23:35:41.164125 [debug] [Thread-3 (]: Writing injected SQL for node "test.online_teletherapy_signups.not_null_fact_tests_test_taken_at_utc.e9a0902ae6"
[0m23:35:41.164677 [debug] [Thread-4 (]: Re-using an available connection from the pool (formerly test.online_teletherapy_signups.not_null_fact_tests_id.2b0d5ec61a, now test.online_teletherapy_signups.unique_fact_tests_id.8eac12c27a)
[0m23:35:41.165121 [debug] [Thread-2 (]: Began compiling node test.online_teletherapy_signups.not_null_fact_tests_visitor_key.e6a2b6acc4
[0m23:35:41.165607 [debug] [Thread-1 (]: Began running node model.online_teletherapy_signups.mart_visitor_type2_us_outcomes
[0m23:35:41.166217 [debug] [Thread-4 (]: Began compiling node test.online_teletherapy_signups.unique_fact_tests_id.8eac12c27a
[0m23:35:41.170925 [debug] [Thread-2 (]: Writing injected SQL for node "test.online_teletherapy_signups.not_null_fact_tests_visitor_key.e6a2b6acc4"
[0m23:35:41.171532 [debug] [Thread-1 (]: Re-using an available connection from the pool (formerly test.online_teletherapy_signups.not_null_fact_tests_test_taken.bd247a00db, now model.online_teletherapy_signups.mart_visitor_type2_us_outcomes)
[0m23:35:41.171955 [debug] [Thread-3 (]: Began executing node test.online_teletherapy_signups.not_null_fact_tests_test_taken_at_utc.e9a0902ae6
[0m23:35:41.176841 [debug] [Thread-4 (]: Writing injected SQL for node "test.online_teletherapy_signups.unique_fact_tests_id.8eac12c27a"
[0m23:35:41.177567 [debug] [Thread-1 (]: Began compiling node model.online_teletherapy_signups.mart_visitor_type2_us_outcomes
[0m23:35:41.178158 [debug] [Thread-3 (]: Opening a new connection, currently in state closed
[0m23:35:41.178568 [debug] [Thread-2 (]: Began executing node test.online_teletherapy_signups.not_null_fact_tests_visitor_key.e6a2b6acc4
[0m23:35:41.182756 [debug] [Thread-1 (]: Writing injected SQL for node "model.online_teletherapy_signups.mart_visitor_type2_us_outcomes"
[0m23:35:41.184864 [debug] [Thread-3 (]: Finished running node test.online_teletherapy_signups.not_null_fact_tests_test_taken_at_utc.e9a0902ae6
[0m23:35:41.185221 [debug] [Thread-4 (]: Began executing node test.online_teletherapy_signups.unique_fact_tests_id.8eac12c27a
[0m23:35:41.185638 [debug] [Thread-2 (]: Opening a new connection, currently in state closed
[0m23:35:41.186217 [debug] [Thread-3 (]: Began running node test.online_teletherapy_signups.accepted_values_mart_visitor_traffic_type_traffic_type__type_1__type_2__unknown.31f221d8ac
[0m23:35:41.186765 [debug] [Thread-4 (]: Opening a new connection, currently in state closed
[0m23:35:41.187159 [debug] [Thread-1 (]: Began executing node model.online_teletherapy_signups.mart_visitor_type2_us_outcomes
[0m23:35:41.188988 [debug] [Thread-2 (]: Finished running node test.online_teletherapy_signups.not_null_fact_tests_visitor_key.e6a2b6acc4
[0m23:35:41.189429 [debug] [Thread-3 (]: Re-using an available connection from the pool (formerly test.online_teletherapy_signups.not_null_fact_tests_test_taken_at_utc.e9a0902ae6, now test.online_teletherapy_signups.accepted_values_mart_visitor_traffic_type_traffic_type__type_1__type_2__unknown.31f221d8ac)
[0m23:35:41.190005 [debug] [Thread-1 (]: Opening a new connection, currently in state closed
[0m23:35:41.191536 [debug] [Thread-2 (]: Began running node test.online_teletherapy_signups.accepted_values_mart_visitor_traffic_type_traffic_type_label__Organic_Direct_No_Test___Paid_or_Organic_Test_Taken___Unknown_Attribution.dc9f7b01dd
[0m23:35:41.192674 [debug] [Thread-4 (]: Finished running node test.online_teletherapy_signups.unique_fact_tests_id.8eac12c27a
[0m23:35:41.193216 [debug] [Thread-3 (]: Began compiling node test.online_teletherapy_signups.accepted_values_mart_visitor_traffic_type_traffic_type__type_1__type_2__unknown.31f221d8ac
[0m23:35:41.193844 [debug] [Thread-2 (]: Re-using an available connection from the pool (formerly test.online_teletherapy_signups.not_null_fact_tests_visitor_key.e6a2b6acc4, now test.online_teletherapy_signups.accepted_values_mart_visitor_traffic_type_traffic_type_label__Organic_Direct_No_Test___Paid_or_Organic_Test_Taken___Unknown_Attribution.dc9f7b01dd)
[0m23:35:41.195687 [debug] [Thread-1 (]: Finished running node model.online_teletherapy_signups.mart_visitor_type2_us_outcomes
[0m23:35:41.196167 [debug] [Thread-4 (]: Began running node test.online_teletherapy_signups.dbt_utils_expression_is_true_mart_visitor_traffic_type_has_test__in_true_false_.d64a1361f0
[0m23:35:41.205562 [debug] [Thread-3 (]: Writing injected SQL for node "test.online_teletherapy_signups.accepted_values_mart_visitor_traffic_type_traffic_type__type_1__type_2__unknown.31f221d8ac"
[0m23:35:41.206110 [debug] [Thread-2 (]: Began compiling node test.online_teletherapy_signups.accepted_values_mart_visitor_traffic_type_traffic_type_label__Organic_Direct_No_Test___Paid_or_Organic_Test_Taken___Unknown_Attribution.dc9f7b01dd
[0m23:35:41.206573 [debug] [Thread-1 (]: Began running node test.online_teletherapy_signups.not_null_mart_visitor_traffic_type_has_test.db98b46a6a
[0m23:35:41.207262 [debug] [Thread-4 (]: Re-using an available connection from the pool (formerly test.online_teletherapy_signups.unique_fact_tests_id.8eac12c27a, now test.online_teletherapy_signups.dbt_utils_expression_is_true_mart_visitor_traffic_type_has_test__in_true_false_.d64a1361f0)
[0m23:35:41.216530 [debug] [Thread-2 (]: Writing injected SQL for node "test.online_teletherapy_signups.accepted_values_mart_visitor_traffic_type_traffic_type_label__Organic_Direct_No_Test___Paid_or_Organic_Test_Taken___Unknown_Attribution.dc9f7b01dd"
[0m23:35:41.217130 [debug] [Thread-1 (]: Re-using an available connection from the pool (formerly model.online_teletherapy_signups.mart_visitor_type2_us_outcomes, now test.online_teletherapy_signups.not_null_mart_visitor_traffic_type_has_test.db98b46a6a)
[0m23:35:41.217581 [debug] [Thread-3 (]: Began executing node test.online_teletherapy_signups.accepted_values_mart_visitor_traffic_type_traffic_type__type_1__type_2__unknown.31f221d8ac
[0m23:35:41.218136 [debug] [Thread-4 (]: Began compiling node test.online_teletherapy_signups.dbt_utils_expression_is_true_mart_visitor_traffic_type_has_test__in_true_false_.d64a1361f0
[0m23:35:41.219003 [debug] [Thread-1 (]: Began compiling node test.online_teletherapy_signups.not_null_mart_visitor_traffic_type_has_test.db98b46a6a
[0m23:35:41.219581 [debug] [Thread-3 (]: Opening a new connection, currently in state closed
[0m23:35:41.224573 [debug] [Thread-4 (]: Writing injected SQL for node "test.online_teletherapy_signups.dbt_utils_expression_is_true_mart_visitor_traffic_type_has_test__in_true_false_.d64a1361f0"
[0m23:35:41.224990 [debug] [Thread-2 (]: Began executing node test.online_teletherapy_signups.accepted_values_mart_visitor_traffic_type_traffic_type_label__Organic_Direct_No_Test___Paid_or_Organic_Test_Taken___Unknown_Attribution.dc9f7b01dd
[0m23:35:41.229582 [debug] [Thread-1 (]: Writing injected SQL for node "test.online_teletherapy_signups.not_null_mart_visitor_traffic_type_has_test.db98b46a6a"
[0m23:35:41.231896 [debug] [Thread-3 (]: Finished running node test.online_teletherapy_signups.accepted_values_mart_visitor_traffic_type_traffic_type__type_1__type_2__unknown.31f221d8ac
[0m23:35:41.232348 [debug] [Thread-2 (]: Opening a new connection, currently in state closed
[0m23:35:41.232770 [debug] [Thread-4 (]: Began executing node test.online_teletherapy_signups.dbt_utils_expression_is_true_mart_visitor_traffic_type_has_test__in_true_false_.d64a1361f0
[0m23:35:41.233382 [debug] [Thread-3 (]: Began running node test.online_teletherapy_signups.not_null_mart_visitor_traffic_type_traffic_type.29a7a768c4
[0m23:35:41.235486 [debug] [Thread-2 (]: Finished running node test.online_teletherapy_signups.accepted_values_mart_visitor_traffic_type_traffic_type_label__Organic_Direct_No_Test___Paid_or_Organic_Test_Taken___Unknown_Attribution.dc9f7b01dd
[0m23:35:41.235868 [debug] [Thread-1 (]: Began executing node test.online_teletherapy_signups.not_null_mart_visitor_traffic_type_has_test.db98b46a6a
[0m23:35:41.236311 [debug] [Thread-4 (]: Opening a new connection, currently in state closed
[0m23:35:41.236776 [debug] [Thread-3 (]: Re-using an available connection from the pool (formerly test.online_teletherapy_signups.accepted_values_mart_visitor_traffic_type_traffic_type__type_1__type_2__unknown.31f221d8ac, now test.online_teletherapy_signups.not_null_mart_visitor_traffic_type_traffic_type.29a7a768c4)
[0m23:35:41.237244 [debug] [Thread-2 (]: Began running node test.online_teletherapy_signups.not_null_mart_visitor_traffic_type_traffic_type_label.eaa01d5ce2
[0m23:35:41.237742 [debug] [Thread-1 (]: Opening a new connection, currently in state closed
[0m23:35:41.238292 [debug] [Thread-3 (]: Began compiling node test.online_teletherapy_signups.not_null_mart_visitor_traffic_type_traffic_type.29a7a768c4
[0m23:35:41.240262 [debug] [Thread-4 (]: Finished running node test.online_teletherapy_signups.dbt_utils_expression_is_true_mart_visitor_traffic_type_has_test__in_true_false_.d64a1361f0
[0m23:35:41.240714 [debug] [Thread-2 (]: Re-using an available connection from the pool (formerly test.online_teletherapy_signups.accepted_values_mart_visitor_traffic_type_traffic_type_label__Organic_Direct_No_Test___Paid_or_Organic_Test_Taken___Unknown_Attribution.dc9f7b01dd, now test.online_teletherapy_signups.not_null_mart_visitor_traffic_type_traffic_type_label.eaa01d5ce2)
[0m23:35:41.242846 [debug] [Thread-1 (]: Finished running node test.online_teletherapy_signups.not_null_mart_visitor_traffic_type_has_test.db98b46a6a
[0m23:35:41.247780 [debug] [Thread-3 (]: Writing injected SQL for node "test.online_teletherapy_signups.not_null_mart_visitor_traffic_type_traffic_type.29a7a768c4"
[0m23:35:41.248489 [debug] [Thread-4 (]: Began running node test.online_teletherapy_signups.not_null_mart_visitor_traffic_type_visitor_key.2d52b2fbfe
[0m23:35:41.249283 [debug] [Thread-2 (]: Began compiling node test.online_teletherapy_signups.not_null_mart_visitor_traffic_type_traffic_type_label.eaa01d5ce2
[0m23:35:41.250034 [debug] [Thread-1 (]: Began running node test.online_teletherapy_signups.unique_mart_visitor_traffic_type_visitor_key.befc69a35b
[0m23:35:41.251201 [debug] [Thread-4 (]: Re-using an available connection from the pool (formerly test.online_teletherapy_signups.dbt_utils_expression_is_true_mart_visitor_traffic_type_has_test__in_true_false_.d64a1361f0, now test.online_teletherapy_signups.not_null_mart_visitor_traffic_type_visitor_key.2d52b2fbfe)
[0m23:35:41.259808 [debug] [Thread-2 (]: Writing injected SQL for node "test.online_teletherapy_signups.not_null_mart_visitor_traffic_type_traffic_type_label.eaa01d5ce2"
[0m23:35:41.260904 [debug] [Thread-1 (]: Re-using an available connection from the pool (formerly test.online_teletherapy_signups.not_null_mart_visitor_traffic_type_has_test.db98b46a6a, now test.online_teletherapy_signups.unique_mart_visitor_traffic_type_visitor_key.befc69a35b)
[0m23:35:41.261931 [debug] [Thread-3 (]: Began executing node test.online_teletherapy_signups.not_null_mart_visitor_traffic_type_traffic_type.29a7a768c4
[0m23:35:41.262647 [debug] [Thread-4 (]: Began compiling node test.online_teletherapy_signups.not_null_mart_visitor_traffic_type_visitor_key.2d52b2fbfe
[0m23:35:41.263490 [debug] [Thread-1 (]: Began compiling node test.online_teletherapy_signups.unique_mart_visitor_traffic_type_visitor_key.befc69a35b
[0m23:35:41.264164 [debug] [Thread-3 (]: Opening a new connection, currently in state closed
[0m23:35:41.269882 [debug] [Thread-2 (]: Began executing node test.online_teletherapy_signups.not_null_mart_visitor_traffic_type_traffic_type_label.eaa01d5ce2
[0m23:35:41.271000 [debug] [Thread-4 (]: Writing injected SQL for node "test.online_teletherapy_signups.not_null_mart_visitor_traffic_type_visitor_key.2d52b2fbfe"
[0m23:35:41.275919 [debug] [Thread-1 (]: Writing injected SQL for node "test.online_teletherapy_signups.unique_mart_visitor_traffic_type_visitor_key.befc69a35b"
[0m23:35:41.277602 [debug] [Thread-2 (]: Opening a new connection, currently in state closed
[0m23:35:41.278529 [debug] [Thread-3 (]: Finished running node test.online_teletherapy_signups.not_null_mart_visitor_traffic_type_traffic_type.29a7a768c4
[0m23:35:41.279688 [debug] [Thread-3 (]: Began running node test.online_teletherapy_signups.dbt_utils_expression_is_true_mart_visitor_type2_us_outcomes_has_signup__in_0_1_.b65fe6b16e
[0m23:35:41.280302 [debug] [Thread-3 (]: Re-using an available connection from the pool (formerly test.online_teletherapy_signups.not_null_mart_visitor_traffic_type_traffic_type.29a7a768c4, now test.online_teletherapy_signups.dbt_utils_expression_is_true_mart_visitor_type2_us_outcomes_has_signup__in_0_1_.b65fe6b16e)
[0m23:35:41.280731 [debug] [Thread-4 (]: Began executing node test.online_teletherapy_signups.not_null_mart_visitor_traffic_type_visitor_key.2d52b2fbfe
[0m23:35:41.282084 [debug] [Thread-1 (]: Began executing node test.online_teletherapy_signups.unique_mart_visitor_traffic_type_visitor_key.befc69a35b
[0m23:35:41.283368 [debug] [Thread-2 (]: Finished running node test.online_teletherapy_signups.not_null_mart_visitor_traffic_type_traffic_type_label.eaa01d5ce2
[0m23:35:41.283852 [debug] [Thread-3 (]: Began compiling node test.online_teletherapy_signups.dbt_utils_expression_is_true_mart_visitor_type2_us_outcomes_has_signup__in_0_1_.b65fe6b16e
[0m23:35:41.284331 [debug] [Thread-4 (]: Opening a new connection, currently in state closed
[0m23:35:41.284762 [debug] [Thread-1 (]: Opening a new connection, currently in state closed
[0m23:35:41.285221 [debug] [Thread-2 (]: Began running node test.online_teletherapy_signups.dbt_utils_expression_is_true_mart_visitor_type2_us_outcomes_has_trial_conversion__in_0_1_.d660da0943
[0m23:35:41.291007 [debug] [Thread-3 (]: Writing injected SQL for node "test.online_teletherapy_signups.dbt_utils_expression_is_true_mart_visitor_type2_us_outcomes_has_signup__in_0_1_.b65fe6b16e"
[0m23:35:41.293344 [debug] [Thread-1 (]: Finished running node test.online_teletherapy_signups.unique_mart_visitor_traffic_type_visitor_key.befc69a35b
[0m23:35:41.295199 [debug] [Thread-4 (]: Finished running node test.online_teletherapy_signups.not_null_mart_visitor_traffic_type_visitor_key.2d52b2fbfe
[0m23:35:41.295704 [debug] [Thread-2 (]: Re-using an available connection from the pool (formerly test.online_teletherapy_signups.not_null_mart_visitor_traffic_type_traffic_type_label.eaa01d5ce2, now test.online_teletherapy_signups.dbt_utils_expression_is_true_mart_visitor_type2_us_outcomes_has_trial_conversion__in_0_1_.d660da0943)
[0m23:35:41.296324 [debug] [Thread-1 (]: Began running node test.online_teletherapy_signups.not_null_mart_visitor_type2_us_outcomes_browser.43df191947
[0m23:35:41.296875 [debug] [Thread-4 (]: Began running node test.online_teletherapy_signups.not_null_mart_visitor_type2_us_outcomes_has_signup.33ad275c12
[0m23:35:41.297456 [debug] [Thread-2 (]: Began compiling node test.online_teletherapy_signups.dbt_utils_expression_is_true_mart_visitor_type2_us_outcomes_has_trial_conversion__in_0_1_.d660da0943
[0m23:35:41.297875 [debug] [Thread-3 (]: Began executing node test.online_teletherapy_signups.dbt_utils_expression_is_true_mart_visitor_type2_us_outcomes_has_signup__in_0_1_.b65fe6b16e
[0m23:35:41.298451 [debug] [Thread-1 (]: Re-using an available connection from the pool (formerly test.online_teletherapy_signups.unique_mart_visitor_traffic_type_visitor_key.befc69a35b, now test.online_teletherapy_signups.not_null_mart_visitor_type2_us_outcomes_browser.43df191947)
[0m23:35:41.299173 [debug] [Thread-4 (]: Re-using an available connection from the pool (formerly test.online_teletherapy_signups.not_null_mart_visitor_traffic_type_visitor_key.2d52b2fbfe, now test.online_teletherapy_signups.not_null_mart_visitor_type2_us_outcomes_has_signup.33ad275c12)
[0m23:35:41.311557 [debug] [Thread-2 (]: Writing injected SQL for node "test.online_teletherapy_signups.dbt_utils_expression_is_true_mart_visitor_type2_us_outcomes_has_trial_conversion__in_0_1_.d660da0943"
[0m23:35:41.312365 [debug] [Thread-3 (]: Opening a new connection, currently in state closed
[0m23:35:41.312819 [debug] [Thread-1 (]: Began compiling node test.online_teletherapy_signups.not_null_mart_visitor_type2_us_outcomes_browser.43df191947
[0m23:35:41.313230 [debug] [Thread-4 (]: Began compiling node test.online_teletherapy_signups.not_null_mart_visitor_type2_us_outcomes_has_signup.33ad275c12
[0m23:35:41.315513 [debug] [Thread-3 (]: Finished running node test.online_teletherapy_signups.dbt_utils_expression_is_true_mart_visitor_type2_us_outcomes_has_signup__in_0_1_.b65fe6b16e
[0m23:35:41.320546 [debug] [Thread-1 (]: Writing injected SQL for node "test.online_teletherapy_signups.not_null_mart_visitor_type2_us_outcomes_browser.43df191947"
[0m23:35:41.325232 [debug] [Thread-4 (]: Writing injected SQL for node "test.online_teletherapy_signups.not_null_mart_visitor_type2_us_outcomes_has_signup.33ad275c12"
[0m23:35:41.325707 [debug] [Thread-2 (]: Began executing node test.online_teletherapy_signups.dbt_utils_expression_is_true_mart_visitor_type2_us_outcomes_has_trial_conversion__in_0_1_.d660da0943
[0m23:35:41.326214 [debug] [Thread-3 (]: Began running node test.online_teletherapy_signups.not_null_mart_visitor_type2_us_outcomes_has_trial_conversion.f4bb412e88
[0m23:35:41.326981 [debug] [Thread-2 (]: Opening a new connection, currently in state closed
[0m23:35:41.327517 [debug] [Thread-3 (]: Re-using an available connection from the pool (formerly test.online_teletherapy_signups.dbt_utils_expression_is_true_mart_visitor_type2_us_outcomes_has_signup__in_0_1_.b65fe6b16e, now test.online_teletherapy_signups.not_null_mart_visitor_type2_us_outcomes_has_trial_conversion.f4bb412e88)
[0m23:35:41.327937 [debug] [Thread-1 (]: Began executing node test.online_teletherapy_signups.not_null_mart_visitor_type2_us_outcomes_browser.43df191947
[0m23:35:41.328460 [debug] [Thread-4 (]: Began executing node test.online_teletherapy_signups.not_null_mart_visitor_type2_us_outcomes_has_signup.33ad275c12
[0m23:35:41.329942 [debug] [Thread-3 (]: Began compiling node test.online_teletherapy_signups.not_null_mart_visitor_type2_us_outcomes_has_trial_conversion.f4bb412e88
[0m23:35:41.330844 [debug] [Thread-2 (]: Finished running node test.online_teletherapy_signups.dbt_utils_expression_is_true_mart_visitor_type2_us_outcomes_has_trial_conversion__in_0_1_.d660da0943
[0m23:35:41.331315 [debug] [Thread-1 (]: Opening a new connection, currently in state closed
[0m23:35:41.331746 [debug] [Thread-4 (]: Opening a new connection, currently in state closed
[0m23:35:41.336681 [debug] [Thread-3 (]: Writing injected SQL for node "test.online_teletherapy_signups.not_null_mart_visitor_type2_us_outcomes_has_trial_conversion.f4bb412e88"
[0m23:35:41.337223 [debug] [Thread-2 (]: Began running node test.online_teletherapy_signups.not_null_mart_visitor_type2_us_outcomes_region.6174a4366e
[0m23:35:41.339541 [debug] [Thread-1 (]: Finished running node test.online_teletherapy_signups.not_null_mart_visitor_type2_us_outcomes_browser.43df191947
[0m23:35:41.341305 [debug] [Thread-4 (]: Finished running node test.online_teletherapy_signups.not_null_mart_visitor_type2_us_outcomes_has_signup.33ad275c12
[0m23:35:41.341869 [debug] [Thread-2 (]: Re-using an available connection from the pool (formerly test.online_teletherapy_signups.dbt_utils_expression_is_true_mart_visitor_type2_us_outcomes_has_trial_conversion__in_0_1_.d660da0943, now test.online_teletherapy_signups.not_null_mart_visitor_type2_us_outcomes_region.6174a4366e)
[0m23:35:41.342360 [debug] [Thread-1 (]: Began running node test.online_teletherapy_signups.not_null_mart_visitor_type2_us_outcomes_visitor_key.826b78952c
[0m23:35:41.342929 [debug] [Thread-4 (]: Began running node test.online_teletherapy_signups.unique_mart_visitor_type2_us_outcomes_visitor_key.80a653fd7c
[0m23:35:41.343367 [debug] [Thread-3 (]: Began executing node test.online_teletherapy_signups.not_null_mart_visitor_type2_us_outcomes_has_trial_conversion.f4bb412e88
[0m23:35:41.343787 [debug] [Thread-2 (]: Began compiling node test.online_teletherapy_signups.not_null_mart_visitor_type2_us_outcomes_region.6174a4366e
[0m23:35:41.344260 [debug] [Thread-1 (]: Re-using an available connection from the pool (formerly test.online_teletherapy_signups.not_null_mart_visitor_type2_us_outcomes_browser.43df191947, now test.online_teletherapy_signups.not_null_mart_visitor_type2_us_outcomes_visitor_key.826b78952c)
[0m23:35:41.344722 [debug] [Thread-4 (]: Re-using an available connection from the pool (formerly test.online_teletherapy_signups.not_null_mart_visitor_type2_us_outcomes_has_signup.33ad275c12, now test.online_teletherapy_signups.unique_mart_visitor_type2_us_outcomes_visitor_key.80a653fd7c)
[0m23:35:41.345184 [debug] [Thread-3 (]: Opening a new connection, currently in state closed
[0m23:35:41.351642 [debug] [Thread-2 (]: Writing injected SQL for node "test.online_teletherapy_signups.not_null_mart_visitor_type2_us_outcomes_region.6174a4366e"
[0m23:35:41.352428 [debug] [Thread-1 (]: Began compiling node test.online_teletherapy_signups.not_null_mart_visitor_type2_us_outcomes_visitor_key.826b78952c
[0m23:35:41.353117 [debug] [Thread-4 (]: Began compiling node test.online_teletherapy_signups.unique_mart_visitor_type2_us_outcomes_visitor_key.80a653fd7c
[0m23:35:41.356669 [debug] [Thread-3 (]: Finished running node test.online_teletherapy_signups.not_null_mart_visitor_type2_us_outcomes_has_trial_conversion.f4bb412e88
[0m23:35:41.364072 [debug] [Thread-1 (]: Writing injected SQL for node "test.online_teletherapy_signups.not_null_mart_visitor_type2_us_outcomes_visitor_key.826b78952c"
[0m23:35:41.369122 [debug] [Thread-4 (]: Writing injected SQL for node "test.online_teletherapy_signups.unique_mart_visitor_type2_us_outcomes_visitor_key.80a653fd7c"
[0m23:35:41.369653 [debug] [Thread-2 (]: Began executing node test.online_teletherapy_signups.not_null_mart_visitor_type2_us_outcomes_region.6174a4366e
[0m23:35:41.370621 [debug] [Thread-2 (]: Opening a new connection, currently in state closed
[0m23:35:41.371146 [debug] [Thread-1 (]: Began executing node test.online_teletherapy_signups.not_null_mart_visitor_type2_us_outcomes_visitor_key.826b78952c
[0m23:35:41.373063 [debug] [Thread-2 (]: Finished running node test.online_teletherapy_signups.not_null_mart_visitor_type2_us_outcomes_region.6174a4366e
[0m23:35:41.373447 [debug] [Thread-1 (]: Opening a new connection, currently in state closed
[0m23:35:41.375496 [debug] [Thread-1 (]: Finished running node test.online_teletherapy_signups.not_null_mart_visitor_type2_us_outcomes_visitor_key.826b78952c
[0m23:35:41.375923 [debug] [Thread-4 (]: Began executing node test.online_teletherapy_signups.unique_mart_visitor_type2_us_outcomes_visitor_key.80a653fd7c
[0m23:35:41.376470 [debug] [Thread-4 (]: Opening a new connection, currently in state closed
[0m23:35:41.378396 [debug] [Thread-4 (]: Finished running node test.online_teletherapy_signups.unique_mart_visitor_type2_us_outcomes_visitor_key.80a653fd7c
[0m23:35:41.379616 [debug] [MainThread]: Connection 'master' was properly closed.
[0m23:35:41.380011 [debug] [MainThread]: Connection 'test.online_teletherapy_signups.not_null_mart_visitor_type2_us_outcomes_visitor_key.826b78952c' was properly closed.
[0m23:35:41.380357 [debug] [MainThread]: Connection 'test.online_teletherapy_signups.not_null_mart_visitor_type2_us_outcomes_region.6174a4366e' was properly closed.
[0m23:35:41.380688 [debug] [MainThread]: Connection 'test.online_teletherapy_signups.not_null_mart_visitor_type2_us_outcomes_has_trial_conversion.f4bb412e88' was properly closed.
[0m23:35:41.381013 [debug] [MainThread]: Connection 'test.online_teletherapy_signups.unique_mart_visitor_type2_us_outcomes_visitor_key.80a653fd7c' was properly closed.
[0m23:35:41.397115 [debug] [MainThread]: Command end result
[0m23:35:41.564689 [debug] [MainThread]: Wrote artifact WritableManifest to /Users/davidreynolds/projects/online_teletherapy_signups/target/manifest.json
[0m23:35:41.567330 [debug] [MainThread]: Wrote artifact SemanticManifest to /Users/davidreynolds/projects/online_teletherapy_signups/target/semantic_manifest.json
[0m23:35:41.581862 [debug] [MainThread]: Wrote artifact RunExecutionResult to /Users/davidreynolds/projects/online_teletherapy_signups/target/run_results.json
[0m23:35:41.585907 [debug] [MainThread]: Acquiring new bigquery connection 'generate_catalog'
[0m23:35:41.586285 [info ] [MainThread]: Building catalog
[0m23:35:41.594045 [debug] [ThreadPool]: Acquiring new bigquery connection 'mind-diagnostics-414622.information_schema'
[0m23:35:41.594771 [debug] [ThreadPool]: Acquiring new bigquery connection 'mind-diagnostics-414622.information_schema'
[0m23:35:41.631181 [debug] [ThreadPool]: On mind-diagnostics-414622.information_schema: /* {"app": "dbt", "dbt_version": "1.11.2", "profile_name": "default", "target_name": "dev", "connection_name": "mind-diagnostics-414622.information_schema"} */

    with
                table_shards_stage as (
    select
        tables.project_id as table_catalog,
        tables.dataset_id as table_schema,
        coalesce(REGEXP_EXTRACT(tables.table_id, '^(.+)[0-9]{8}$'), tables.table_id) as table_name,
        tables.table_id as shard_name,
        REGEXP_EXTRACT(tables.table_id, '^.+([0-9]{8})$') as shard_index,
        REGEXP_CONTAINS(tables.table_id, '^.+[0-9]{8}$') and tables.type = 1 as is_date_shard,
        case
            when materialized_views.table_name is not null then 'materialized view'
            when tables.type = 1 then 'table'
            when tables.type = 2 then 'view'
            else 'external'
        end as table_type,
        tables.type = 1 as is_table,
        JSON_VALUE(table_description.option_value) as table_comment,
        tables.size_bytes,
        tables.row_count
    from `mind-diagnostics-414622`.`dbt_dreynolds`.__TABLES__ tables
    left join `mind-diagnostics-414622`.`dbt_dreynolds`.INFORMATION_SCHEMA.MATERIALIZED_VIEWS materialized_views
        on materialized_views.table_catalog = tables.project_id
        and materialized_views.table_schema = tables.dataset_id
        and materialized_views.table_name = tables.table_id
    left join `mind-diagnostics-414622`.`dbt_dreynolds`.INFORMATION_SCHEMA.TABLE_OPTIONS table_description
        on table_description.table_catalog = tables.project_id
        and table_description.table_schema = tables.dataset_id
        and table_description.table_name = tables.table_id
        and table_description.option_name = 'description'
),
                table_shards as (
                    select * from table_shards_stage
                    where ((
                                upper(table_schema) = upper('dbt_dreynolds')
                            and upper(table_name) = upper('stg_md__visitors')
                            ) or (
                                upper(table_schema) = upper('dbt_dreynolds')
                            and upper(table_name) = upper('mart_visitor_type2_us_outcomes')
                            ) or (
                                upper(table_schema) = upper('dbt_dreynolds')
                            and upper(table_name) = upper('stg_md__tests')
                            ) or (
                                upper(table_schema) = upper('dbt_dreynolds')
                            and upper(table_name) = upper('dim_visitors')
                            ) or (
                                upper(table_schema) = upper('dbt_dreynolds')
                            and upper(table_name) = upper('fact_conversions')
                            ) or (
                                upper(table_schema) = upper('dbt_dreynolds')
                            and upper(table_name) = upper('stg_bh__goals')
                            ) or (
                                upper(table_schema) = upper('dbt_dreynolds')
                            and upper(table_name) = upper('mart_visitor_traffic_type')
                            ) or (
                                upper(table_schema) = upper('dbt_dreynolds')
                            and upper(table_name) = upper('int_visitors_resolved')
                            ) or (
                                upper(table_schema) = upper('dbt_dreynolds')
                            and upper(table_name) = upper('fact_tests')
                            ))
                ),
                tables as (
    select distinct
        table_catalog,
        table_schema,
        table_name,
        is_date_shard,
        table_type,
        is_table,
        table_comment
    from table_shards
),
                table_stats as (
    select
        table_catalog,
        table_schema,
        table_name,
        max(shard_name) as latest_shard_name,
        min(shard_index) as shard_min,
        max(shard_index) as shard_max,
        count(shard_index) as shard_count,
        sum(size_bytes) as size_bytes,
        sum(row_count) as row_count
    from table_shards
    group by 1, 2, 3
),

                columns as (
    select
        columns.table_catalog,
        columns.table_schema,
        columns.table_name as shard_name,
        coalesce(paths.field_path, '<unknown>') as column_name,
        -- invent a row number to account for nested fields
        -- BQ does not treat these nested properties as independent fields
        row_number() over (
            partition by
                columns.table_catalog,
                columns.table_schema,
                columns.table_name
            order by
                columns.ordinal_position,
                paths.field_path
        ) as column_index,
        coalesce(paths.data_type, '<unknown>') as column_type,
        paths.description as column_comment,
        case when columns.is_partitioning_column = 'YES' then 1 else 0 end as is_partitioning_column,
        case when columns.is_partitioning_column = 'YES' then paths.field_path end as partition_column,
        case when columns.clustering_ordinal_position is not null then 1 else 0 end as is_clustering_column,
        case when columns.clustering_ordinal_position is not null then paths.field_path end as cluster_column,
        columns.clustering_ordinal_position
    from `mind-diagnostics-414622`.`dbt_dreynolds`.INFORMATION_SCHEMA.COLUMNS columns
    join `mind-diagnostics-414622`.`dbt_dreynolds`.INFORMATION_SCHEMA.COLUMN_FIELD_PATHS paths
        on paths.table_catalog = columns.table_catalog
        and paths.table_schema = columns.table_schema
        and paths.table_name = columns.table_name
        and paths.column_name = columns.column_name
    where columns.ordinal_position is not null
),
                column_stats as (
    select
        table_catalog,
        table_schema,
        shard_name,
        max(is_partitioning_column) = 1 as is_partitioned,
        max(partition_column) as partition_column,
        max(is_clustering_column) = 1 as is_clustered,
        array_to_string(
            array_agg(
                cluster_column ignore nulls
                order by clustering_ordinal_position
            ), ', '
        ) as clustering_columns
    from columns
    group by 1, 2, 3
)

            
    select
        tables.table_catalog as table_database,
        tables.table_schema,
        case
            when tables.is_date_shard then concat(tables.table_name, '*')
            else tables.table_name
        end as table_name,
        tables.table_type,
        tables.table_comment,
        -- coalesce column metadata fields to ensure they are non-null for catalog generation
        -- external table columns are not present in COLUMN_FIELD_PATHS
        coalesce(columns.column_name, '<unknown>') as column_name,
        coalesce(columns.column_index, 1) as column_index,
        coalesce(columns.column_type, '<unknown>') as column_type,
        coalesce(columns.column_comment, '') as column_comment,

        'Shard count' as `stats__date_shards__label`,
        table_stats.shard_count as `stats__date_shards__value`,
        'The number of date shards in this table' as `stats__date_shards__description`,
        tables.is_date_shard as `stats__date_shards__include`,

        'Shard (min)' as `stats__date_shard_min__label`,
        table_stats.shard_min as `stats__date_shard_min__value`,
        'The first date shard in this table' as `stats__date_shard_min__description`,
        tables.is_date_shard as `stats__date_shard_min__include`,

        'Shard (max)' as `stats__date_shard_max__label`,
        table_stats.shard_max as `stats__date_shard_max__value`,
        'The last date shard in this table' as `stats__date_shard_max__description`,
        tables.is_date_shard as `stats__date_shard_max__include`,

        '# Rows' as `stats__num_rows__label`,
        table_stats.row_count as `stats__num_rows__value`,
        'Approximate count of rows in this table' as `stats__num_rows__description`,
        tables.is_table as `stats__num_rows__include`,

        'Approximate Size' as `stats__num_bytes__label`,
        table_stats.size_bytes as `stats__num_bytes__value`,
        'Approximate size of table as reported by BigQuery' as `stats__num_bytes__description`,
        tables.is_table as `stats__num_bytes__include`,

        'Partitioned By' as `stats__partitioning_type__label`,
        column_stats.partition_column as `stats__partitioning_type__value`,
        'The partitioning column for this table' as `stats__partitioning_type__description`,
        column_stats.is_partitioned as `stats__partitioning_type__include`,

        'Clustered By' as `stats__clustering_fields__label`,
        column_stats.clustering_columns as `stats__clustering_fields__value`,
        'The clustering columns for this table' as `stats__clustering_fields__description`,
        column_stats.is_clustered as `stats__clustering_fields__include`

    from tables
    join table_stats
        on table_stats.table_catalog = tables.table_catalog
        and table_stats.table_schema = tables.table_schema
        and table_stats.table_name = tables.table_name
    left join column_stats
        on column_stats.table_catalog = tables.table_catalog
        and column_stats.table_schema = tables.table_schema
        and column_stats.shard_name = table_stats.latest_shard_name
    left join columns
        on columns.table_catalog = tables.table_catalog
        and columns.table_schema = tables.table_schema
        and columns.shard_name = table_stats.latest_shard_name

  
[0m23:35:41.630502 [debug] [ThreadPool]: On mind-diagnostics-414622.information_schema: /* {"app": "dbt", "dbt_version": "1.11.2", "profile_name": "default", "target_name": "dev", "connection_name": "mind-diagnostics-414622.information_schema"} */

    with
                table_shards_stage as (
    select
        tables.project_id as table_catalog,
        tables.dataset_id as table_schema,
        coalesce(REGEXP_EXTRACT(tables.table_id, '^(.+)[0-9]{8}$'), tables.table_id) as table_name,
        tables.table_id as shard_name,
        REGEXP_EXTRACT(tables.table_id, '^.+([0-9]{8})$') as shard_index,
        REGEXP_CONTAINS(tables.table_id, '^.+[0-9]{8}$') and tables.type = 1 as is_date_shard,
        case
            when materialized_views.table_name is not null then 'materialized view'
            when tables.type = 1 then 'table'
            when tables.type = 2 then 'view'
            else 'external'
        end as table_type,
        tables.type = 1 as is_table,
        JSON_VALUE(table_description.option_value) as table_comment,
        tables.size_bytes,
        tables.row_count
    from `mind-diagnostics-414622`.`md`.__TABLES__ tables
    left join `mind-diagnostics-414622`.`md`.INFORMATION_SCHEMA.MATERIALIZED_VIEWS materialized_views
        on materialized_views.table_catalog = tables.project_id
        and materialized_views.table_schema = tables.dataset_id
        and materialized_views.table_name = tables.table_id
    left join `mind-diagnostics-414622`.`md`.INFORMATION_SCHEMA.TABLE_OPTIONS table_description
        on table_description.table_catalog = tables.project_id
        and table_description.table_schema = tables.dataset_id
        and table_description.table_name = tables.table_id
        and table_description.option_name = 'description'
),
                table_shards as (
                    select * from table_shards_stage
                    where ((
                                upper(table_schema) = upper('md')
                            and upper(table_name) = upper('log_visitor')
                            ) or (
                                upper(table_schema) = upper('md')
                            and upper(table_name) = upper('goals')
                            ) or (
                                upper(table_schema) = upper('md')
                            and upper(table_name) = upper('log_tests')
                            ))
                ),
                tables as (
    select distinct
        table_catalog,
        table_schema,
        table_name,
        is_date_shard,
        table_type,
        is_table,
        table_comment
    from table_shards
),
                table_stats as (
    select
        table_catalog,
        table_schema,
        table_name,
        max(shard_name) as latest_shard_name,
        min(shard_index) as shard_min,
        max(shard_index) as shard_max,
        count(shard_index) as shard_count,
        sum(size_bytes) as size_bytes,
        sum(row_count) as row_count
    from table_shards
    group by 1, 2, 3
),

                columns as (
    select
        columns.table_catalog,
        columns.table_schema,
        columns.table_name as shard_name,
        coalesce(paths.field_path, '<unknown>') as column_name,
        -- invent a row number to account for nested fields
        -- BQ does not treat these nested properties as independent fields
        row_number() over (
            partition by
                columns.table_catalog,
                columns.table_schema,
                columns.table_name
            order by
                columns.ordinal_position,
                paths.field_path
        ) as column_index,
        coalesce(paths.data_type, '<unknown>') as column_type,
        paths.description as column_comment,
        case when columns.is_partitioning_column = 'YES' then 1 else 0 end as is_partitioning_column,
        case when columns.is_partitioning_column = 'YES' then paths.field_path end as partition_column,
        case when columns.clustering_ordinal_position is not null then 1 else 0 end as is_clustering_column,
        case when columns.clustering_ordinal_position is not null then paths.field_path end as cluster_column,
        columns.clustering_ordinal_position
    from `mind-diagnostics-414622`.`md`.INFORMATION_SCHEMA.COLUMNS columns
    join `mind-diagnostics-414622`.`md`.INFORMATION_SCHEMA.COLUMN_FIELD_PATHS paths
        on paths.table_catalog = columns.table_catalog
        and paths.table_schema = columns.table_schema
        and paths.table_name = columns.table_name
        and paths.column_name = columns.column_name
    where columns.ordinal_position is not null
),
                column_stats as (
    select
        table_catalog,
        table_schema,
        shard_name,
        max(is_partitioning_column) = 1 as is_partitioned,
        max(partition_column) as partition_column,
        max(is_clustering_column) = 1 as is_clustered,
        array_to_string(
            array_agg(
                cluster_column ignore nulls
                order by clustering_ordinal_position
            ), ', '
        ) as clustering_columns
    from columns
    group by 1, 2, 3
)

            
    select
        tables.table_catalog as table_database,
        tables.table_schema,
        case
            when tables.is_date_shard then concat(tables.table_name, '*')
            else tables.table_name
        end as table_name,
        tables.table_type,
        tables.table_comment,
        -- coalesce column metadata fields to ensure they are non-null for catalog generation
        -- external table columns are not present in COLUMN_FIELD_PATHS
        coalesce(columns.column_name, '<unknown>') as column_name,
        coalesce(columns.column_index, 1) as column_index,
        coalesce(columns.column_type, '<unknown>') as column_type,
        coalesce(columns.column_comment, '') as column_comment,

        'Shard count' as `stats__date_shards__label`,
        table_stats.shard_count as `stats__date_shards__value`,
        'The number of date shards in this table' as `stats__date_shards__description`,
        tables.is_date_shard as `stats__date_shards__include`,

        'Shard (min)' as `stats__date_shard_min__label`,
        table_stats.shard_min as `stats__date_shard_min__value`,
        'The first date shard in this table' as `stats__date_shard_min__description`,
        tables.is_date_shard as `stats__date_shard_min__include`,

        'Shard (max)' as `stats__date_shard_max__label`,
        table_stats.shard_max as `stats__date_shard_max__value`,
        'The last date shard in this table' as `stats__date_shard_max__description`,
        tables.is_date_shard as `stats__date_shard_max__include`,

        '# Rows' as `stats__num_rows__label`,
        table_stats.row_count as `stats__num_rows__value`,
        'Approximate count of rows in this table' as `stats__num_rows__description`,
        tables.is_table as `stats__num_rows__include`,

        'Approximate Size' as `stats__num_bytes__label`,
        table_stats.size_bytes as `stats__num_bytes__value`,
        'Approximate size of table as reported by BigQuery' as `stats__num_bytes__description`,
        tables.is_table as `stats__num_bytes__include`,

        'Partitioned By' as `stats__partitioning_type__label`,
        column_stats.partition_column as `stats__partitioning_type__value`,
        'The partitioning column for this table' as `stats__partitioning_type__description`,
        column_stats.is_partitioned as `stats__partitioning_type__include`,

        'Clustered By' as `stats__clustering_fields__label`,
        column_stats.clustering_columns as `stats__clustering_fields__value`,
        'The clustering columns for this table' as `stats__clustering_fields__description`,
        column_stats.is_clustered as `stats__clustering_fields__include`

    from tables
    join table_stats
        on table_stats.table_catalog = tables.table_catalog
        and table_stats.table_schema = tables.table_schema
        and table_stats.table_name = tables.table_name
    left join column_stats
        on column_stats.table_catalog = tables.table_catalog
        and column_stats.table_schema = tables.table_schema
        and column_stats.shard_name = table_stats.latest_shard_name
    left join columns
        on columns.table_catalog = tables.table_catalog
        and columns.table_schema = tables.table_schema
        and columns.shard_name = table_stats.latest_shard_name

  
[0m23:35:41.632352 [debug] [ThreadPool]: Opening a new connection, currently in state init
[0m23:35:41.632787 [debug] [ThreadPool]: Opening a new connection, currently in state init
[0m23:35:42.491775 [debug] [ThreadPool]: BigQuery adapter: https://console.cloud.google.com/bigquery?project=mind-diagnostics-414622&j=bq:US:e098aefa-eac3-4016-ba61-c80f8b7dbbfe&page=queryresults
[0m23:35:42.529805 [debug] [ThreadPool]: BigQuery adapter: https://console.cloud.google.com/bigquery?project=mind-diagnostics-414622&j=bq:US:59c9ec85-4393-44d6-b3aa-a883aca656fc&page=queryresults
[0m23:35:43.572672 [debug] [ThreadPool]: SQL status: OK in 1.042 seconds
[0m23:35:43.579215 [debug] [ThreadPool]: SQL status: OK in 1.087 seconds
[0m23:35:43.975943 [debug] [MainThread]: Opening a new connection, currently in state init
[0m23:35:43.990912 [debug] [MainThread]: Wrote artifact CatalogArtifact to /Users/davidreynolds/projects/online_teletherapy_signups/target/catalog.json
[0m23:35:44.043290 [debug] [MainThread]: Wrote artifact WritableManifest to /Users/davidreynolds/projects/online_teletherapy_signups/target/manifest.json
[0m23:35:44.045792 [debug] [MainThread]: Wrote artifact SemanticManifest to /Users/davidreynolds/projects/online_teletherapy_signups/target/semantic_manifest.json
[0m23:35:44.046181 [info ] [MainThread]: Catalog written to /Users/davidreynolds/projects/online_teletherapy_signups/target/catalog.json
[0m23:35:44.049641 [debug] [MainThread]: Resource report: {"command_name": "generate", "command_success": true, "command_wall_clock_time": 13.753436, "process_in_blocks": "0", "process_kernel_time": 2.882898, "process_mem_max_rss": "383307776", "process_out_blocks": "0", "process_user_time": 9.001703}
[0m23:35:44.050234 [debug] [MainThread]: Command `dbt docs generate` succeeded at 23:35:44.050124 after 13.75 seconds
[0m23:35:44.050592 [debug] [MainThread]: Connection 'generate_catalog' was properly closed.
[0m23:35:44.050906 [debug] [MainThread]: Connection 'mind-diagnostics-414622.information_schema' was properly closed.
[0m23:35:44.051203 [debug] [MainThread]: Connection 'mind-diagnostics-414622.information_schema' was properly closed.
[0m23:35:44.051579 [debug] [MainThread]: Sending event: {'category': 'dbt', 'action': 'invocation', 'label': 'end', 'context': [<snowplow_tracker.self_describing_json.SelfDescribingJson object at 0x1061b9390>, <snowplow_tracker.self_describing_json.SelfDescribingJson object at 0x116a6aa10>, <snowplow_tracker.self_describing_json.SelfDescribingJson object at 0x105fa3350>]}
[0m23:35:44.051994 [debug] [MainThread]: Flushing usage events
[0m23:35:44.219267 [debug] [MainThread]: An error was encountered while trying to flush usage events
[0m23:37:56.138759 [debug] [MainThread]: Sending event: {'category': 'dbt', 'action': 'invocation', 'label': 'start', 'context': [<snowplow_tracker.self_describing_json.SelfDescribingJson object at 0x11257e910>, <snowplow_tracker.self_describing_json.SelfDescribingJson object at 0x112600910>, <snowplow_tracker.self_describing_json.SelfDescribingJson object at 0x112601050>]}


============================== 23:37:56.144365 | 018ed4bc-d63f-4751-9d4a-ca9fb52f8767 ==============================
[0m23:37:56.144365 [info ] [MainThread]: Running with dbt=1.11.2
[0m23:37:56.145041 [debug] [MainThread]: running dbt with arguments {'partial_parse': 'True', 'use_colors': 'True', 'log_format': 'default', 'printer_width': '80', 'log_cache_events': 'False', 'target_path': 'None', 'profiles_dir': '/Users/davidreynolds/.dbt', 'indirect_selection': 'eager', 'empty': 'None', 'static_parser': 'True', 'log_path': '/Users/davidreynolds/projects/online_teletherapy_signups/logs', 'version_check': 'True', 'fail_fast': 'False', 'no_print': 'None', 'quiet': 'False', 'introspect': 'True', 'warn_error_options': 'WarnErrorOptionsV2(error=[], warn=[], silence=[])', 'write_json': 'True', 'warn_error': 'None', 'debug': 'False', 'use_experimental_parser': 'False', 'cache_selected_only': 'False', 'invocation_command': 'dbt docs serve --profiles-dir /Users/davidreynolds/.dbt', 'send_anonymous_usage_stats': 'True'}
[0m23:38:03.816892 [debug] [MainThread]: Sending event: {'category': 'dbt', 'action': 'project_id', 'label': '018ed4bc-d63f-4751-9d4a-ca9fb52f8767', 'context': [<snowplow_tracker.self_describing_json.SelfDescribingJson object at 0x111f48f90>]}
[0m23:38:03.876336 [debug] [MainThread]: Sending event: {'category': 'dbt', 'action': 'adapter_info', 'label': '018ed4bc-d63f-4751-9d4a-ca9fb52f8767', 'context': [<snowplow_tracker.self_describing_json.SelfDescribingJson object at 0x10fb235d0>]}
[0m23:46:58.268063 [error] [MainThread]: Encountered an error:

[0m23:46:58.273969 [error] [MainThread]: Traceback (most recent call last):
  File "/Users/davidreynolds/dbt/venv/lib/python3.11/site-packages/dbt/cli/requires.py", line 182, in wrapper
    result, success = func(*args, **kwargs)
                      ^^^^^^^^^^^^^^^^^^^^^
  File "/Users/davidreynolds/dbt/venv/lib/python3.11/site-packages/dbt/cli/requires.py", line 128, in wrapper
    return func(*args, **kwargs)
           ^^^^^^^^^^^^^^^^^^^^^
  File "/Users/davidreynolds/dbt/venv/lib/python3.11/site-packages/dbt/cli/requires.py", line 276, in wrapper
    return func(*args, **kwargs)
           ^^^^^^^^^^^^^^^^^^^^^
  File "/Users/davidreynolds/dbt/venv/lib/python3.11/site-packages/dbt/cli/requires.py", line 321, in wrapper
    return func(*args, **kwargs)
           ^^^^^^^^^^^^^^^^^^^^^
  File "/Users/davidreynolds/dbt/venv/lib/python3.11/site-packages/dbt/cli/requires.py", line 368, in wrapper
    return func(*args, **kwargs)
           ^^^^^^^^^^^^^^^^^^^^^
  File "/Users/davidreynolds/dbt/venv/lib/python3.11/site-packages/dbt/cli/main.py", line 307, in docs_serve
    results = task.run()
              ^^^^^^^^^^
  File "/Users/davidreynolds/dbt/venv/lib/python3.11/site-packages/dbt/task/docs/serve.py", line 29, in run
    httpd.serve_forever()
  File "/usr/local/Cellar/python@3.11/3.11.7_1/Frameworks/Python.framework/Versions/3.11/lib/python3.11/socketserver.py", line 233, in serve_forever
    ready = selector.select(poll_interval)
            ^^^^^^^^^^^^^^^^^^^^^^^^^^^^^^
  File "/usr/local/Cellar/python@3.11/3.11.7_1/Frameworks/Python.framework/Versions/3.11/lib/python3.11/selectors.py", line 415, in select
    fd_event_list = self._selector.poll(timeout)
                    ^^^^^^^^^^^^^^^^^^^^^^^^^^^^
KeyboardInterrupt

[0m23:46:58.277145 [debug] [MainThread]: Resource report: {"command_name": "serve", "command_success": false, "command_wall_clock_time": 542.21594, "process_in_blocks": "0", "process_kernel_time": 2.36142, "process_mem_max_rss": "359301120", "process_out_blocks": "0", "process_user_time": 6.686798}
[0m23:46:58.278324 [debug] [MainThread]: Command `dbt docs serve` failed at 23:46:58.278196 after 542.22 seconds
[0m23:46:58.278888 [debug] [MainThread]: Sending event: {'category': 'dbt', 'action': 'invocation', 'label': 'end', 'context': [<snowplow_tracker.self_describing_json.SelfDescribingJson object at 0x11257ecd0>, <snowplow_tracker.self_describing_json.SelfDescribingJson object at 0x112570610>, <snowplow_tracker.self_describing_json.SelfDescribingJson object at 0x122b7de10>]}
[0m23:46:58.279374 [debug] [MainThread]: Flushing usage events
[0m23:46:58.645434 [debug] [MainThread]: An error was encountered while trying to flush usage events
